Brand,Price,Address,image_link-src
Gilera piaggio stalker 50,350.000 ,Plateau,media/annonces/pics/d21019275a66badba841be57ea1c4297.jpg
T-max,1.700.000 ,Plateau,media/annonces/pics/78b7dd4158bd818b569ec884c624ade2.jpg
Honda sh,1.200.000 ,Plateau,media/annonces/pics/6f3687b2965ffde414a321f13dbd7537.jpg
Honda hornet 600,1.200.000 ,Plateau,media/annonces/pics/6f9a2918bfdb5e060105060b6f2026ba.jpg
Tmax 530,2.300.000 ,Plateau,media/annonces/pics/940f418806fbd25c6f871ba3b36887f1.jpg
Vespa 250,550.000 ,Plateau,media/annonces/pics/a8b8f7d93d2b0a32eed02e11efd3bb71.jpg
Kymko 4 temps 125,140.000 ,Plateau,media/annonces/pics/93a04ba02fde08d07eacad9a8fa3664e.jpg
Honda hornet 600,1.000.000 ,Plateau,media/annonces/pics/534b67de05771d7f50f730b269ae1e0f.jpg
Tmax 500,1.650.000 ,Plateau,media/annonces/pics/7793c38cf9962a54a16a72257c89840a.jpg
Yamaha  Yzf 450,4.000.000 ,Plateau,media/annonces/pics/1e61fbab98fe97e56b63c87d0e923b38.jpg
Honda transalp 700,2.000.000 ,Plateau,media/annonces/pics/0f5d602de76d89d2db55e555f94192ac.jpg
Vend  hoverboard  led venant des USA,100.000 ,Plateau,media/annonces/pics/7c9b21df1416530386abf290c945ea98.png
SUPER MOTOS,1.250.000 ,Plateau,media/annonces/pics/eb56022d6a8013cae64a5150a0b9c3bf.jpg
TMAX 530 DX,4.500.000 ,Plateau,media/annonces/pics/ea5badd663c7384eb8474729a16640a2.jpg
Liberty 4temps50,700.000 ,Plateau,media/annonces/pics/64a126180efdaee98e3edc44042c2018.jpg
Xc 300 versity,550.000 ,Plateau,media/annonces/pics/e31e82b3e3e820c8e6d18f8b9c5016d0.jpg
T-max 530 iron,4.000.000 ,Plateau,media/annonces/pics/ccd4ecb22b3fb8b33313220e22078a4b.jpg
Honda sh 125,975.000 ,Plateau,media/annonces/pics/a6f26f0bf851b367f6d7b331099614c9.jpg
Scooter honda arobase,250.000 ,Plateau,media/annonces/pics/37fd3ad1f88e4d4a401ccec3baed1fb7.jpg
Typhoon,220.000 ,Plateau,media/annonces/pics/a32417e4ab620ff7258d962947c31aec.jpg
Tmax 500 injection en parfait état,1.200.000 ,Plateau,media/annonces/pics/3a31d94713e909340dff48cfccf10360.jpg
Scooter  majesty,500.000 ,Plateau,media/annonces/pics/b9ca13aaf98409d8ca63422c9031aecf.jpg
Scooter,420.000 ,Plateau,media/annonces/pics/fb9437845d1d47458b27080e799c51c2.jpg
Motocyclettes et  tricycles,350.000 ,Plateau,media/annonces/pics/5b5212ae986193b7588676e144165006.jpg
Moto  Xc 300,700.000 ,Plateau,media/annonces/pics/37cb84ea3e4c6ea71cc403457f5fe559.jpg
Moto enduro  bmw,2.000.000 ,Plateau,media/annonces/pics/f047d366eccecc75264707856bf1c41f.jpg
Moto,550.000 ,Plateau,media/annonces/pics/e0ec05eadee07a25f07e51acacfaa496.jpg
Moto djakarta,250.000 ,Plateau,media/annonces/pics/8f4bfb0e6da657d81393b7db56f790be.jpg
Yamaha MT 07,3.800.000 ,Plateau,media/annonces/pics/1592e23f45fd8bac0d5329265a49f43b.jpg
Moto zip piaggio,200.000 ,Plateau,media/annonces/pics/4189bc89fdb8b7c50a516e350a44ab7b.jpg
Moto apache,400.000 ,Plateau,media/annonces/pics/9e42d1d896c5933244a1b2d07e28c70c.jpg
BMW gs 1200,3.500.000 ,Plateau,media/annonces/pics/12e95530b56af38518e64ee07d771534.jpg
Moto bmw gs 1200,4.250.000 ,Plateau,media/annonces/pics/9a972f46c814e79972f834879a768275.jpg
Tmax 530,1.400.000 ,Plateau,media/annonces/pics/885768015c7fa833af629015df2ae187.jpg
Liberty injection,325.000 ,Plateau,media/annonces/pics/80c4464529e043f8003e1ceeb35c051b.jpg
Moto scooter,500.000 ,Plateau,media/annonces/pics/3c669aef26a7bb4b2dc043e147ec82f0.jpg
Scooter sh,500.000 ,Plateau,media/annonces/pics/a6c80b50dc4f316e108b369d4184af01.jpg
Kawasaki z750,1.650.000 ,Plateau,media/annonces/pics/25840daef2521cb415e39667e1f0af39.jpg
Honda nc750x,2.700.000 ,Plateau,media/annonces/pics/63b066899aa073a68914bba6510bd25d.jpg
Moto SH,1.100.000 ,Plateau,media/annonces/pics/f44b671943880a06c33be135510dce70.jpg
Tmax 500,850.000 ,Plateau,media/annonces/pics/d5bb0b40393c5d360e6490fe5706f515.jpg
Ktm duke 125,1.580.000 ,Fann,media/annonces/pics/329e217f128e284cb3a3870cefd3585b.jpg
Honda integra,1.500.000 ,Plateau,media/annonces/pics/538e2044e5856b1db99b8c39ef5b8467.jpg
Yamaha xcity 250,500.000 ,Plateau,media/annonces/pics/ab9b3f44b971dc254016655eebc73b9a.jpg
Honda sh 300i,800.000 ,Plateau,media/annonces/pics/ea366d76313a32d692522b00655b878c.jpg
Scooter suzuki,300.000 ,Plateau,media/annonces/pics/f2334c59b04bcf5e91bc06ce386de6b2.jpg
Suzuki burgman 200 injection,550.000 ,Golf,media/annonces/pics/e52140ef7f045d93a161351415fb28aa.jpg
Kawasaki z800,2.000.000 ,Parcelles assainies,media/annonces/pics/a3e0021923a3d1d57ec389f1292146f0.jpg
Moto tvs,900.000 ,Fass,media/annonces/pics/4ccc3b7e264fa17a267e04905c03b0d8.jpg
Malaguty madison 150,450.000 ,Parcelles assainies,media/annonces/pics/1283dbe95e48edc5d62e6c67245e3ae3.png
Yamaha Tmax DX,3.500.000 ,Point E,media/annonces/pics/f76dee3759a5d9cc0ca373c346dc7091.jpg
Scooter beverly,580.000 ,Plateau,media/annonces/pics/7de9e87668579135066bf91fd31d43b0.jpg
Kymco agility 125,200.000 ,Parcelles assainies,media/annonces/pics/6ec12b987f5a1598ecfbeacab9aecba2.png
Yamaha majesty 150,290.000 ,Dakar,media/annonces/pics/0d84bd7d2478aee270e5a02506351077.png
Yamaha fz1,1.800.000 ,Nord Foire,media/annonces/pics/26d0d27d95308990411012bba3f8d1ab.jpg
Yamaha tmax 530,1.900.000 ,Dakar,media/annonces/pics/c8b25c713f7bae3e46003297cf26302f.jpg
Majesty Skyliner 125,300.000 ,Parcelles assainies,media/annonces/pics/545adf3f35d33d46bbee4d9df9cf717d.jpeg
Yamaha yz85 / yz450,2.400.000 ,Hann Maristes,media/annonces/pics/4297f0b2c16b681318e2c764e58573c6.jpg
Yamaha yz 125,800.000 ,Almadies,media/annonces/pics/7fb3c94dc10dcbc0f4303df31c2b69cd.jpg
Sh,390.000 ,Parcelles assainies,media/annonces/pics/5814d7f88b032b373437d14510a5ea6d.jpg
Moto bmw gs1200,3.500.000 ,Médina,media/annonces/pics/95e2ea514841f6833ccecc33ba1d0386.jpg
Mbk booster,195.000 ,Dakar,media/annonces/pics/aa15d3d988c8197b7ab9f081aee090ff.jpg
Moto goccla venant d’Italie  moteur 50 très puissant et tt les papiers en règle,180 ,Fass,media/annonces/pics/a7110c1a2ef0af7fbf014d3df69e21d1.jpeg
Yamaha 250 tt,1.600.000 ,Mbour,media/annonces/pics/09ca6437edae43b5afed88af1ca5284d.jpg
Moto bmw gs 1200,3.200.000 ,Sacré Coeur,media/annonces/pics/3830d2e22231ccf14f70b4b8194ad9ca.jpg
Yamaha tmax 530,1.850.000 ,Mbao,media/annonces/pics/ac8bfdcd60c165afbfddf0a1b91f4269.jpeg
Tmax 500,1.200.000 ,Dakar,media/annonces/pics/e2884a4c0511fbd1a6f8b3f4f91846b7.jpg
Yamaha yz 125,800.000 ,Almadies,media/annonces/pics/e7f5748532725c23b97790132c3df555.jpg
Quad polaris 500,3.560.000 ,Saly,media/annonces/pics/29223fe3220eca908eb28d97ae17b9da.jpg
moto majesty 150,200.000 ,Keur Massar,img/nophoto.png
Piaggio NRG DD kit 70,350.000 ,Point E,media/annonces/pics/9ea70cdf0a022570ae475cadffa17cb6.jpg
Ducati hypermotard evo sp 2011,1.350.000 ,Dakar,media/annonces/pics/8f33f59f2665f7e647f8568941b53684.jpg
Vend  Moto Kawasaki  eliminator 125,700.000 ,Mamelles,media/annonces/pics/273c9078331c14343ffe4d16927f7904.jpg
Vend  Moto  BMW GS800,2.200.000 ,Mamelles,media/annonces/pics/6b1b47b095f5231e65c47cdb3b06189f.jpg
Moto Xmax,910.000 ,Dakar,media/annonces/pics/c366ca0dee3b1092d9b8618db58f2a93.png
Sym wolf 250,1.000.000 ,Dakar,media/annonces/pics/288a845f98b4c1e66472eb1233937828.png
Moto cross,350.000 ,Scat Urbam,media/annonces/pics/10d892d9a642fdf3d8fed7ac146e870f.png
Piaggio liberty 80,150.000 ,Dakar,media/annonces/pics/12595807127ed2c7cb3fb3d7cabbb192.png
Burgman 125,500.000 ,Dakar,media/annonces/pics/671108e8a0307569dd5a3261ca4f87de.png
Kawasaki Z1800,3.000.000 ,Dakar,media/annonces/pics/5ae87a6166da57cd974ba387f2159d3b.jpg
Yamaha N MAX,1.200.000 ,HLM,media/annonces/pics/bd23e0baf61ca9740867a7fbbaa6425a.jpeg
PIAGGIO LIBERTY 4 temps,270.000 ,Ouakam,media/annonces/pics/dd5b74ed55e9f35232a7e9fecf6ddcc5.jpg
2016 bmw s 1000rr,3.000.000 ,Dakar,media/annonces/pics/76afc7d459e512d1531f0a7cf7aa1bd4.jpg
Pneu  moto scooter,15.000 ,Maristes,media/annonces/pics/c2246dc4daf994ea350efe3e77c36f27.jpg
Moto lifan 125,280.000 ,Parcelles assainies,media/annonces/pics/927cf92db13c2261904b8d289952ec68.jpeg
Sh 150i à vendre,500.000 ,Hann Maristes,media/annonces/pics/e124ed5a9d7895fdbbbfb802c39c1220.jpg
KTM 250 SX-F EU de 2011,1.800.000 ,Ouakam,media/annonces/pics/52c1b2717db85224fdb54e012a0b3403.png
Moto liberty,220.000 ,Liberté 2,media/annonces/pics/f4797087187367d178d286846feb8bd1.jpeg
Honda,550.000 ,Sicap liberté,media/annonces/pics/bf701c90cb13896f2b3a66fb5398ed60.jpg
Ktm 85 sx 2009,450.000 ,Almadies,media/annonces/pics/982a69583809ff21c2ef7149c2aab7c6.png
Moto majesty 250 à vendre,475.000 ,Tivaouane,media/annonces/pics/4c6a8c013d09048bf8184f880eec6525.jpeg
Typhoon 50,160.000 ,Dieuppeul,media/annonces/pics/d34a45fa9f1bf4d503332206bed35a70.jpeg
Liberty 200,500.000 ,Hann Bel-Air,media/annonces/pics/10dd046c87df7a7fae61f356aaaa6b88.jpeg
Liberty nouveau modèle venant,425.000 ,Hann Bel-Air,media/annonces/pics/dfd0169206b87da4621f5d17880b9b87.jpeg
Moto KTM 690 SM 2016,3.000.000 ,Almadies,media/annonces/pics/ae63db9db7856fb541b9d77c3ad64aca.jpg
Sport city 200cc,550.000 ,Dakar,media/annonces/pics/b110408bdb5126bcdd68599e426b32bc.jpeg
Scooter  yamaha 125cc,350.000 ,Grand Dakar,media/annonces/pics/b00d6697fc633c72589ff148eaa2ba0e.jpg
Motos xc 300,450.000 ,Guédiawaye,media/annonces/pics/d4e1b493f9e45346284d127d4c57452a.jpg
Moto KTM 690 sm,2.800.000 ,Almadies,media/annonces/pics/3b9168ba93dbffd21d3367ee263b691e.jpeg
PIGGIO FLY 100 AV,300 ,Dakar,media/annonces/pics/67e74ffe8fed7e33358853edd1baaa5f.jpg
scooter mbk,250.000 ,Parcelles assainies,media/annonces/pics/28342d5395ff885868c9d22d4689ac56.jpg
moto triump,750.000 ,Rufisque,media/annonces/pics/aaee6af94e67402f101c2c703522b883.png
nnnn,80.000 ,Diamniadio,img/nophoto.png
tmax 2012 avec moteur 560 Dx 2018,2.450.000 ,Sacré Coeur,media/annonces/pics/38c81c928767940d4bb795d0468417b6.jpg
KTM 690 Prestige Supermoto,1.450.000 ,Saly,media/annonces/pics/a68aa41149556d9b6ba37217464b6b23.jpg
Liberty 125,330.000 ,Dakar,media/annonces/pics/24b6852390bc88d6b3a8fe18df36f0cd.jpeg
Yamaha xmax venant,700.000 ,Dakar,media/annonces/pics/d644d311bf7234640fe44cdfc86ad46e.jpeg
Beverly 500,750.000 ,Yoff,media/annonces/pics/01d7dae8112de3c14fee11911f8b0c7b.jpg
BMW s1000r,3.000.000 ,Yoff,media/annonces/pics/fba4fd967c420d4f30765afdb67236e7.jpeg
Moto Aprilia rouge noir,200.000 ,Almadies,media/annonces/pics/add49fe140f1e325b342de64fc5790a4.jpg
Tmax dx,3.000.000 ,Dakar,media/annonces/pics/a2d0f1fe58775385fa730b2a3577128e.jpg
Emploi,60.000 ,Colobane,img/nophoto.png
Scooter,435.000 ,Guédiawaye,media/annonces/pics/68e395df2c599849355f192a2ac79338.jpg
TRICYCLE moto taxi 200cc en très bon état,1.000.000 ,Rufisque,media/annonces/pics/67d8803c16fa011c3accc8d6df614c79.jpg
Vente de Yamaha très propre et très puissante,2.300.000 ,Kolda,media/annonces/pics/5705aa1fe888be9d81c8dd53dd06fb33.jpg
Yamaha neo’s,280.000 ,Dakar,media/annonces/pics/cad4ef26ef65f3d0bb6c57888d340534.jpg
A vendre MOTOCROSS YAMAHA YZ450,1.500.000 ,Almadies,media/annonces/pics/dc8306b795ffada68ac352e6ec5876ab.jpg
Scooter Typhoon,100.000 ,Dakar,media/annonces/pics/b4ba2d0d3600bc8ad76247626cb783a3.jpg
X9 500,600.000 ,Rufisque,media/annonces/pics/7c0d2666218bee63fbcbff23c73fe7f5.jpg
Z1000,2.200.000 ,Dakar,media/annonces/pics/bf85f2ba41e0309041204aa994aa47b8.jpg
Xcity 250 injection,800.000 ,Sacré Coeur,media/annonces/pics/cec87116f8f1387f52ca5f26d3da0a99.jpeg
Liberty 150,425.000 ,Dakar,media/annonces/pics/630877816cd08ed435602ebf443f91be.jpg
Typhoon nouveau modèle,180.000 ,Liberté 2,media/annonces/pics/1bdac600c438b0e86c47baf4cc4677b9.jpg
Yamaha XMax 250i,700.000 ,Thiès,media/annonces/pics/43115af59d16c2a9ce9fba2d7098595e.jpg
Yamaha XMax 250i,700.000 ,Thiès,media/annonces/pics/1383c54eed02da44b469d70724fcdfbb.jpg
2018 BMW R 1200 GS ADVENTURE,3.000.000 ,Dakar,media/annonces/pics/0b8ac28338bdbf71fdda8d98ffcd8bd5.jpg
Malagutti f10,115.000 ,Thiès,media/annonces/pics/8840b9f93a039723d2f3e61a7e35bbf4.png
gilera nexus 500,700.000 ,Pikine,media/annonces/pics/9e766762522a192fcfa659245aad5470.jpg
Moto ducati hypermétropie 803cc,1.300.000 ,Dakar,media/annonces/pics/9168e331223589e664cd744271cb6d6f.jpg
Yamaha Majesty,550.000 ,Dakar,media/annonces/pics/afef37d8d6449dec8e656995f195de20.jpg
Moto Jakarta KTM,160.000 ,Keur Massar,img/nophoto.png
Moto flu Derby 125,325.000 ,Dakar,media/annonces/pics/9c4315f88d48aa4ec44d327dd9bd8c4e.jpeg
Honda Nigthawk,650.000 ,Dakar,media/annonces/pics/9b31411a6542a94162edcf5a4202419c.jpg
Moto Kymco,350.000 ,Gueule tapée,media/annonces/pics/de47b6a2a02a78dbcb9c2155a047425b.jpg
Honda Forza,450.000 ,Ouakam,media/annonces/pics/9a8d029839e3d06305c97d31a89d7a00.jpg
Scooter à vendre,750.000 ,Almadies,media/annonces/pics/800130d731aa37be30ce2e22da92e353.jpg
Moto  Jakarta,320.000 ,Ouest Foire,img/nophoto.png
Vente d’une  moto  Majesty 400 neuve,900.000 ,Almadies,media/annonces/pics/4f0edc3ac1e65dd1b4119175dbc149ce.jpg
Burgman 150,450.000 ,Rufisque,media/annonces/pics/8c536965491fccaf727652ef86b6f9b0.jpg
Burgman 400,850.000 ,Rufisque,img/nophoto.png
Vespa Lx 150,520.000 ,Dakar,media/annonces/pics/e5a33e6316119ee9c57dacf5e00de283.jpg
Yamaha MT03,1.400.000 ,Pikine,img/nophoto.png
Moto Kawazaki,950.000 ,Diamniadio,media/annonces/pics/b1b7bff1eb645a7939452b8dc2d6aeef.jpg
Moto Enduro Honda,1.200.000 ,Liberté 6,media/annonces/pics/1a98e31f3bc554b499bfab9c48d0fb21.jpg
Moto Atlantique,600.000 ,Mbao,media/annonces/pics/8d1681435eb681ccdd3a39014d7c67e3.jpeg
Recherche ma toute première moto,250.000 ,Mermoz,img/nophoto.png
Scooter,400.000 ,Liberté 6,media/annonces/pics/b21168cd68938a84d8a42c46ad5cb129.jpg
Yamaha Majesty 400 cm3,600.000 ,Dakar,media/annonces/pics/757c5d7fe3d41d4e6981ff4289ae4ff9.jpeg
Scooter x8,650.000 ,Grand Yoff,media/annonces/pics/d8cb64cacbe67da3ecf9947851df07e4.jpg
Scooter Piaggio Typhoon,130.000 ,Dakar,media/annonces/pics/a8d1b0eea9e72cae0bac9441e94aab97.jpeg
Xmax nouveau modèle,850 ,Dakar,media/annonces/pics/e0bf8a0962248cdc7e926760fb08878c.jpeg
Vespa Primavera,340.000 ,Guédiawaye,media/annonces/pics/46dd31d20d6cd1f8b3c2bdead0777844.jpg
Quad Juanshie 250,100 ,Thiaroye,img/nophoto.png
BMW 1200 GS,2.000.000 ,Rufisque,media/annonces/pics/95ac31b8f0b2c68e198704e55a476b86.jpg
Gilera Runner,375.000 ,Thiès,media/annonces/pics/5af8cb8892b78dfcb91399b4723c3a36.jpeg
Malaguti phantom,280.000 ,Thiès,media/annonces/pics/88525491957306898a4a56870ad9c3e6.jpeg
JAKARTA YAMAHA NOUVEAU MODELE,350.000 ,Colobane,media/annonces/pics/c16c65e3533f0ab3e1e32db755b958f8.jpeg
Vente de Majesty 400 neuf,900.000 ,Amitié,media/annonces/pics/998dd79361eaebce0aa28fda821ce54d.jpg
TMAX 560 2020,5.500.000 ,Mermoz,media/annonces/pics/0ba2b089525be847ea1479a338732aba.jpeg
Piaggio Fly 4t 50,300.000 ,Guédiawaye,media/annonces/pics/c734cdef3b118f84c5d2fd33bfb30619.jpg
Sym citycom 300i,850.000 ,Rufisque,img/nophoto.png
Vends scooter,450.000 ,Parcelles assainies,media/annonces/pics/9c41df0c588e282fc417e5aa172fb976.jpeg
Typhoon nouveau modèle,275.000 ,Guédiawaye,media/annonces/pics/2ac2a66480275615046ce8420e745d88.jpg
Runner VXR 200,500.000 ,Guédiawaye,media/annonces/pics/797720a59e52931e85be1d748afeb701.jpg
Piaggio Liberty 50,275.000 ,Guédiawaye,media/annonces/pics/8dd9c8b2ec673e349c6fca9caab409a2.jpg
Tricycle 150CC /170 Cm,1.270.000 ,Sacré Coeur,media/annonces/pics/654b14c67dd2516f99f72a36b3c7623c.jpg
Moto Honda SH,650.000 ,Thiès,media/annonces/pics/5138e8ca722a631c190d15085c68ad60.jpg
Magesty 400 nouveau modèle,900.000 ,Castors,media/annonces/pics/6ff74ccc430bc37dadf0969b07f5e56c.jpg
Liberty 4t 50cc,290.000 ,Golf,media/annonces/pics/462137887b669b5421180bdfd78c9774.jpg
Vente d'une  moto Honda forza 250,550.000 ,Ziguinchor,media/annonces/pics/9be619c183561eee98f605fee19b1da9.jpg
BMW F800 GS,2.000.000 ,Dakar,media/annonces/pics/caacb52fe71e30ac10239b1b55b2488b.png
Liberty,370.000 ,HLM,media/annonces/pics/201d63e0ea7292f3a3bbb5c252c65aaf.jpeg
Av Ette Piaggio 125,200.000 ,Golf,media/annonces/pics/c61c507b92dabe0f877674cd36f8d0c7.jpg
Moto Versa,550.000 ,Guédiawaye,media/annonces/pics/20d3b533954f826ad5de2f070c983fe7.jpeg
Moto Jakarta KTM,350.000 ,Keur Massar,media/annonces/pics/93f0d333a19f35fff349af5b743ed211.jpeg
Scooter Versa,500.000 ,Pikine,media/annonces/pics/251ba691b187059c34d99529734a3cb6.jpeg
Mbk Rocket 80cc,275.000 ,Dakar,media/annonces/pics/909215e72436a78e3c9b8b178f2ea85f.jpeg
Scooter X9 Foresight,600.000 ,Amitié,media/annonces/pics/fef89f3a494ca48ffb87e9986366f8e4.jpg
Honda Vision,450.000 ,Golf,media/annonces/pics/5564ba1d5cd3879e52b75038a1ae654b.jpeg
Vespa Primavera 4t50,420.000 ,Dakar,media/annonces/pics/e864653a4136821c30d03e6189c407fc.jpeg
Honda Panthéon 150,400.000 ,Thiès,media/annonces/pics/dfcbfaaf1f9e3e9dc6aa02ed59941bc7.jpg
Piaggio Liberty 50cc,285.950 ,Dakar,media/annonces/pics/fd1cf112f7138b5a8e8f952a37692027.jpeg
Moto Suzuki Bandit,1.300.000 ,Rufisque,media/annonces/pics/827ac09de28a1c22fe48dae267411a26.jpeg
Scooter SH,670.000 ,Hann Bel-Air,media/annonces/pics/27a69b0c65215a23bcfb13db8ac436f1.jpeg
Piaggio Liberty 50 cc,280.000 ,Golf,media/annonces/pics/bc4839c8d5f0aa3cd57bb49a9c7010b9.jpeg
JAKARTA HOUSE,390.000 ,Mbao,media/annonces/pics/6640e6d90c303bfa979bb25b65ef7c5c.jpeg
Liberty S nouveau modèle 50,480.000 ,Guédiawaye,media/annonces/pics/f120ea78b096c38971ef15d9ac2f52af.jpeg
Typhoon,230.000 ,Dakar,media/annonces/pics/f40cc16c4b2dd6fe7ecd6838978e7bdd.jpeg
Moto Yamaha TZR,290.999 ,Sébikotane,media/annonces/pics/b9fa456d50fff7eda4c77a2b31362a53.jpg
Tmax 530 2012,2.700.000 ,Dakar,media/annonces/pics/a10851de6e19e70a761cba8d3a3f942a.jpeg
Vespa primavera 150cc nouveau modèle,950.000 ,Pikine,media/annonces/pics/5cd52df28427f4c9e7e6707856d4cefc.jpeg
Vespa Primavera s 100cc,650.000 ,Golf,media/annonces/pics/db4fc8c58c2785ca96b03b6c5ff317c4.jpeg
Piaggio Liberty 50 cc 2 temps,180.000 ,Hann Bel-Air,media/annonces/pics/7f1561d734326fe950abbdb77958710e.jpg
XMAX 250,650.000 ,Guédiawaye,media/annonces/pics/acfbb10c76f035f45860964fdb356506.jpeg
Piaggio Fly nouveau modèle 4t50cc,375.000 ,Guédiawaye,media/annonces/pics/dab8d05f9059e067132dca5519235c9f.jpeg
Piaggio Runner Vxr,550.000 ,Dakar,media/annonces/pics/2ede85ae2b3f18e5af8f620e8e6c5c4b.jpg
Piaggo X9 500 avec carte grise et assurance,500.000 ,Sacré Coeur,media/annonces/pics/b1351bd928ff049fe812d69bb415b1e9.jpeg
Jakarta KTM,390.000 ,Keur Massar,media/annonces/pics/6b907568d682507c64da7ce55862a427.jpeg
Scooter à vendre,700.000 ,Pikine,media/annonces/pics/3d00d05f3b315ef3191013de0a191e5f.jpg
Piaggio Liberty 50cc,350.000 ,Guédiawaye,media/annonces/pics/2b1060ea46fe52ff0f0f2dd0ba43dce6.jpeg
Honda sh,500.000 ,Dakar,media/annonces/pics/2680b349abd538386d66d8348ea881fa.jpeg
Fly piaggio,350.000 ,Dakar,media/annonces/pics/c73225681ab199b26b96e3bd51a113ef.jpeg
Piaggio Typhoon 50,230.000 ,Dakar,media/annonces/pics/34f828c1ac766fa8af0d9d8c2141212a.jpeg
Aprillia sr factory 50cc,350.000 ,Guédiawaye,media/annonces/pics/2a343fa5d2b1f20f5c6ddce4f11c2132.jpeg
Derbi Atlantis 100cc 4t,365.000 ,Guédiawaye,media/annonces/pics/a180c99eb072e9d621590e835c9d790c.jpeg
Fly nouveau modèle 4t100cc,375.000 ,Guédiawaye,media/annonces/pics/e997ff718fc03ae31f5f586c6451681e.jpeg
Kymco Agility 4t50cc,350.000 ,Guédiawaye,media/annonces/pics/ec48a09cb7c1411092f84ec38d8fb72e.jpeg
Vente  moto -  Honda X-ADV 2018,1.900.000 ,Grand Dakar,media/annonces/pics/80a8275feedc33d61dd8caa227d30d80.jpeg
Piaggio Liberty 50 cc 2 temps,185.000 ,Hann Bel-Air,media/annonces/pics/df0e504671260e69ade66ac80518ea13.jpg
Xcity 250ie année 2019,850.000 ,HLM,media/annonces/pics/c956bf835f42fb5ef6dd34c7aa8e646b.jpg
Runner 50cc,380.000 ,Guédiawaye,media/annonces/pics/7e1dbcdebdbe7bd54dad32c38a2c19c9.jpeg
Malaguti F12r 50cc,375.000 ,Guédiawaye,media/annonces/pics/0c99666504b4ea03a67ac9b5a60c46f0.jpeg
Ford Ranger 2016,11.900.000 ,Dakar,media/annonces/pics/ab269ec538a74050ba39a7531b40e56f.jpeg
Vespa LX 125cm3  carburateur,500.000 ,HLM,media/annonces/pics/f7bec150193f71f4cb3ad280ac5dca85.jpg
Scooter Agilty Kymco,350.000 ,Maristes,media/annonces/pics/1ae3ab61c21ffee8ec9d394d819bad8d.jpeg
Mio 100cm3 carburateur,375.000 ,HLM,media/annonces/pics/8c212255e3f4c10bf0c24e1b680ba6a3.jpg
Moto  XMAX 250,70 ,Bambey,media/annonces/pics/d2b56d5e9288270599418ae8adbce5c3.jpg
Scooter Aprillia moteur 200,500.000 ,Mbao,media/annonces/pics/d0a42a4569f9df2f0402c79f2a1f2733.jpeg
Kymco Agility R16 150ie année 2020 CMC disponible,675.000 ,HLM,media/annonces/pics/9cb80634c5db7f32fa714e90bc5bcff9.jpg
Piaggio fly 4t50cc,300.000 ,Dakar,media/annonces/pics/98768c8b7acc23920f7c840985562b60.jpeg
Zusuki Burgman 125CC,450.000 ,Dakar,media/annonces/pics/5d0e6d58bd99c35019dced399739c9c8.jpg
XMAX 250 avec CMC,950.000 ,Dakar,media/annonces/pics/848926fe1db5b6fba669ebce9c619011.jpeg
Ovetto neos 50cc,275.000 ,Golf,media/annonces/pics/aaf8dd5ea8448c77388c26875f38a758.jpeg
X8 Piaggio 200cm3,625.000 ,HLM,media/annonces/pics/aa6cf9693626c21c7e686fd0b3d59846.jpg
Scooter SH Honda,600.000 ,Mbao,media/annonces/pics/32527cd073dec32e8f52422f35961d67.jpeg
Liberty 125cm3 carburateur nouveau modèle Venant,675.000 ,Fass,media/annonces/pics/b7acecbc5e75ca06d0e689e22734a7b5.jpg
Scooter Honda Dylan,450.000 ,Parcelles assainies,media/annonces/pics/f60da281682d924ba6b18ffefff9c6f7.jpeg
Kymco G-Dink Jager 125ie injection modèle 2015  Venant,675.000 ,HLM,media/annonces/pics/56b22eb3bcb50a262ce0520a7074270e.jpg
Kymco 200cc,600.000 ,Médina,media/annonces/pics/3517542aebecf688fb9de3ea64f92d88.jpg
Mbk nitro,350.000 ,Golf,media/annonces/pics/672b383c2235e64a75f3d4113d2cfe0b.jpeg
Peugeot Rs 4t50cc injection,350.000 ,Dakar,media/annonces/pics/1dbbcc5c5693a050ae84ce430825f75a.jpeg
Piaggio 4 temps,120.000 ,Rufisque,media/annonces/pics/3c8a4833d97c561ff26ed47c17c030ac.jpg
Xmax 400,1.200.000 ,Dieuppeul,img/nophoto.png
Yamaha Cygnus X 125cc avec carte grise,550.000 ,Médina,media/annonces/pics/7212182458ea5882151205a31b14a49d.jpg
Burgman 200ie freins ABS Venant,725.000 ,HLM,media/annonces/pics/4993994e40fe21f979e5ca0edbd7b7dd.jpg
Honda Sh 2021,2.100.000 ,Parcelles assainies,media/annonces/pics/892323a5fdc22f621472f91c7ddd48a4.jpeg
Zip 50,250 ,Dakar,media/annonces/pics/fc197ce43e197f7bb7d33e53cea5c7fc.jpeg
Kisbee,350 ,Dakar,media/annonces/pics/9d6ca4891698484588aa59a2a5499f53.jpeg
Kymco Agility fR 4t50cc,350.000 ,Guédiawaye,media/annonces/pics/eb46b983338b0c1fff8f469df58e0de0.jpeg
Yamaha neos4 injection 4t50cc,380.000 ,Dakar,media/annonces/pics/7e86a06364bcc1863ca5aa5cf098e393.jpeg
Yamaha XMAX Sport 125ie injection Venant,725.000 ,Fass,media/annonces/pics/d32d14bb2334b74d52f9bdcf85687ce6.jpg
Kymco Dink 200ie injection Venant,625.000 ,Fass,media/annonces/pics/52b90fe4fcc83b2302ad8e7167ab4540.jpg
Vespa lx 50cc,450.000 ,Dakar,media/annonces/pics/42f155e6e30d05b1364cd5df62a26940.jpeg
Piaggio liberty 50cc,290.000 ,Dakar,media/annonces/pics/4a6a4ff347b762ba83c1ec1284f7a4ef.jpeg
Sportcity derbi 125cc nouveau modèle,650.000 ,Guédiawaye,media/annonces/pics/44466eef5a02e49ad63b5f8e2458f337.jpeg
Piaggio free live 50cc,265.000 ,Dakar,media/annonces/pics/c234928c491f65760835a9c552985d50.jpeg
Malaguty f12r nouveau modèle 50cc,375.000 ,Dakar,media/annonces/pics/9a7f236cffa354d7ca459ca7488fffa0.jpeg
Piaggio FLY 125cm3 carburateur Venant papiers cmc original disponible,650.000 ,Fass,media/annonces/pics/b72401f162b30c8034ca7f7b7f801f1d.jpg
Burgman Executive 200ie injection ABS Venant,675.000 ,Dakar,media/annonces/pics/7bc1da249693fcecd861f0749d0a8122.jpg
Jakarta KTM,450.000 ,HLM,media/annonces/pics/f1a7e0ebfa80a6f8c088119fbdac261c.jpeg
XADW 750 ANNÉE 2018,3.000.000 ,Dakar,media/annonces/pics/a7062c3ee4bf7e0fc11551bc9401ea89.jpeg
Yamaha Aerox nouveau modèle 50cc,700.000 ,Dakar,media/annonces/pics/42b2ea8275439e61cc4e8d650c089e18.jpeg
Gilera Stalker Naked nouveau model 50cc,365.000 ,Dakar,media/annonces/pics/06518cff4d19e7e484f9025a4df4d79b.jpeg
Moto scooter,350.000 ,Grand Yoff,media/annonces/pics/3e2896ef55afdadf9ca33f576ffb2154.jpg
Burgman 200cm3 injection ABS papiers cmc original,700.000 ,Fass,media/annonces/pics/43b35842b6f70322accea772362ae783.jpg
Moto à vendre,2.300.000 ,Dakar,media/annonces/pics/5ac08ea2d087e51bb52d0888793704c1.jpeg
Honda Vision 110ie injection venant papiers cmc,675.000 ,Fass,media/annonces/pics/d3372a2c52f0e28b36b8dab1dfa9d5a5.jpg
Yamaha flipper 125cc injection,550.000 ,Dakar,media/annonces/pics/49b9e553a97da2f4d6b726a7c8c5365b.jpeg
Malaguty f12R nouveau modèle 50cc,375.000 ,Dakar,media/annonces/pics/f16763cd25c06e505b08947c8ea7560d.jpeg
"HONDA CRF 1000L AFRICA TWIN 2018, en boite automatique DCT",3.800.000 ,Dakar,media/annonces/pics/d5e10485c0907a407552f42d9611d063.jpeg
Symphony 4t50cc,365.000 ,Dakar,media/annonces/pics/edad8228984acda2c9adc594de59d7ad.jpeg
Moto  Kymco Grand Dink 250,350.000 ,Guédiawaye,media/annonces/pics/1a7e0fe1cc0120338b4413d68774cd22.jpg
Kymco Agility 125cc,160.000 ,Mbao,media/annonces/pics/7491eb17e12ccaeda25aeb52e1031869.jpeg
Piaggio Skipper ST 125cm3 carburateur Venant papiers,650.000 ,Fass,media/annonces/pics/d2c0ed866b6cf5f6564c2eaaeb11674b.jpg
Honda SH 125,250.000 ,Mbao,media/annonces/pics/c0c0aa72702272298fd52dfff812c0b1.jpeg
X9 500 injection avec carte à grise à vendre en bon état,550.000 ,Thiès,media/annonces/pics/e54ea95333c3403284af41ec3ae7d321.jpg
Kymco Agility 125cm3 carburateur Venant papiers cmc disponible,525.000 ,Fass,media/annonces/pics/dba8c39c5e50d2a1f0f770a776048fa5.jpg
Tmax,2.800.000 ,Hann Maristes,img/nophoto.png
Xmax 250ie ABS modèle 2012 venant papiers cmc original disponibles,1.200.000 ,Fass,media/annonces/pics/8a0937f4bc7650f6e76421a645ff9cee.jpg
Yamaha TMAX 2018,3.000.000 ,Almadies,media/annonces/pics/23d6693d43738197ec67bf62e5ce8715.jpeg
Kymco Dink 125cm3 carburateur Venant papiers cmc original,625.000 ,Amitié,media/annonces/pics/fa68dfe60bc82eb518369f475fa10e4a.jpg
Yamaha Nmax 125ie ABS modèle 2015/20 venant papiers cmc original disponible,1.150.000 ,Fass,media/annonces/pics/071eeef305511b34b92193b7fef5434d.jpg
Moto Kymko People 150,500.000 ,Bambey,media/annonces/pics/6f0b1570438e7189db555410eab1a9a3.jpeg
TRICYCLES  AGANANMA EN PROMOTION,1.425.000 ,Dakar,media/annonces/pics/b592249aa3b54e610a54ed0671000abe.jpg
Scooter racing Aprilia,200.000 ,Dakar,media/annonces/pics/4e1de60280bb451cf898cae21fb6f2b9.jpeg
Moto Cross  Yamaha YZ 125cc 2temps 2016,1.600.000 ,Ngaparou,img/nophoto.png
Kymco agility 150,370.000 ,Cambérène,media/annonces/pics/f3f0a4518319567bbd2e5dc617ab81f1.jpeg
Honda @ 150cc,400.000 ,Cambérène,media/annonces/pics/e31b79d9c7a2a026cb82196636167c59.jpeg
Honda sh nouveau,500 ,Dakar,media/annonces/pics/706d9e365c9ec8826a7d38630b11480c.jpeg
MOTO ELECTRIQUE,375.000 ,Dakar,media/annonces/pics/05904cb0c09a17993bbb54a68b02c7c5.jpeg
Honda sh,450.000 ,Liberté 2,media/annonces/pics/a4a143a0b4c9654e5eb76926f1e8e16e.jpeg
Honda sh,350.000 ,Dakar,media/annonces/pics/45c376a51dd318b0d62a4b10178ca87d.jpeg
Honda sh nouveau,460.000 ,Dakar,media/annonces/pics/fecf75a39729fa42e0c716b4f69ecd11.jpeg
Honda sh,320 ,Dakar,media/annonces/pics/52b9ed01e44f7ab2596f8deef52a0a15.jpeg
