brand,price,address,image_link-src
Iphone 6 simple,130.000 ,Plateau,media/annonces/pics/9dc1cf2ff3a464553891afc718704bb5.jpg
Vends un Tecno camon x pro,135.000 ,Plateau,media/annonces/pics/21192c68f3734e184c4a49a3d2bd73fc.jpg
Ipad air 1,100.000 ,Plateau,media/annonces/pics/5ce958ccba81e204596af621e56f446f.jpg
Samsung galaxy grand prime plus 4g,57.000 ,Plateau,media/annonces/pics/f57c0f01b47c67ad134a7304efe62f95.jpg
Samsung galaxy s6 edge,159.900 ,Plateau,media/annonces/pics/7e827f0d8ed40feeeff65a5b0ef747b8.jpeg
Motorola e4 plus,89.900 ,Plateau,media/annonces/pics/92c7994737a276dd1fc2c290411a5ff3.jpeg
Galaxy note 8,430.000 ,Plateau,media/annonces/pics/871f957aa0a064da0a2befd2c53ab42c.jpg
Samsung galaxy j3,69.900 ,Plateau,media/annonces/pics/588aab0a7019eeb3f3ca0741a651674a.png
Iphone 8 plus,500.000 ,Plateau,media/annonces/pics/bba3d66b958b8ce0a3cef3ce70057d68.jpg
Tablette enfant android 9pouces polaroid,32.500 ,Plateau,media/annonces/pics/28ffdeee367c3fddf25cca65a89dc226.jpg
Tecno f2,39.900 ,Plateau,media/annonces/pics/88a806ac2389205be1c624a51af50acc.jpg
Tecno w2,37.000 ,Plateau,media/annonces/pics/6686654eb11158bcfef5bdc6521f4ce8.jpg
Iphone 6s,169.900 ,Plateau,media/annonces/pics/2dca2e50e33253daee573995c6b520f5.jpg
Tecno spark 2,64.900 ,Plateau,media/annonces/pics/4536f210e514c85d86298e11f7ff263b.png
Samsung galaxy j4,105.000 ,Plateau,media/annonces/pics/0086d33c2014997a88213f1f87877017.png
Iphone 5s 16gb gold,94.900 ,Plateau,media/annonces/pics/77d0bd6ac35276e49277ce26777d8e5c.jpg
Invens f3,47.000 ,Plateau,media/annonces/pics/c4bcc6a1445c33727d86e255240e4a53.jpg
Tecno x camon,114.900 ,Plateau,media/annonces/pics/5abaa148aae9af69d6b2987266c3ac29.png
Samsung galaxy s6 edge,160.000 ,Plateau,media/annonces/pics/b09d788c7794fd2d16c632fa3e32d6ea.jpg
Samsung galaxy j1 ace,44.900 ,Plateau,media/annonces/pics/b6d7220266fad3290bda735b1883d744.jpg
Iphone 7 plus,320.000 ,Plateau,media/annonces/pics/85e145bdb8bf070f84a0a14e60d66a08.jpg
Invens royal r7,29.900 ,Plateau,media/annonces/pics/a59dce6a166671a24f67b00c9eff929e.jpg
Motorola e4 plus,89.900 ,Plateau,media/annonces/pics/5ca6807ed1d73751ddc7f139c9880a48.jpg
Samsung galaxy s7 32gb,170.000 ,Plateau,media/annonces/pics/7c7922bf179115f5f9db5f8b474fbe9d.png
Samsung galaxy j7 pro 2017,149.900 ,Plateau,media/annonces/pics/da0d17cf899db710d8c1d750e8dbef25.jpg
Samsung Galaxy note 8,340.000 ,Plateau,media/annonces/pics/a5bc854721d2c6216ce4f459e6110cf2.jpg
Tecno spark k7,57.000 ,Plateau,media/annonces/pics/bf7d0b71d76a3c28f7122a3eb4135489.png
Lg v10,110.000 ,Plateau,media/annonces/pics/1f0fe234425867db3b49a15ff1d8dced.jpg
Invens d4,34.900 ,Plateau,media/annonces/pics/edd311adc211fdce51e1c077593cbb0c.jpeg
Samsung grand prime+,57.900 ,Plateau,media/annonces/pics/dba15b4eeb7eb1bbe0b2ff8c040ea591.jpg
Iphone 7,230.000 ,Plateau,media/annonces/pics/fd52827e805be3dadbc9ddad94254903.jpg
Iphone 6s 16go,125.000 ,Plateau,media/annonces/pics/e237b902da194da011f7c226aa7153b2.jpg
Tecno spark k7,58.000 ,Plateau,media/annonces/pics/ce6d4e6cdb3fac618d9977a2bb979189.png
Nokia 3,79.900 ,Plateau,media/annonces/pics/5bad42836e57971f3c013abd779c986f.jpg
Samsung galaxy s6 edge,160.000 ,Plateau,media/annonces/pics/43d1b41d97beaf2b8d143decf0705452.jpeg
Iphone 6 plus,170.000 ,Plateau,media/annonces/pics/0bd7599ed8dc2659e520d980a0721e47.png
Samsung galaxy j4,104.900 ,Plateau,media/annonces/pics/d4f28be1ab704d2f48a636a6be5ef446.jpeg
Infinix hot 3s,99.900 ,Plateau,media/annonces/pics/5e33683484b9e9f2026cf46e8dacf2a4.jpg
Samsung galaxy prime pro,70.000 ,Plateau,media/annonces/pics/3f9d08be31af86b8f38c4a82f3cf4847.jpg
Samsung galaxy s6 32gb,120.000 ,Plateau,media/annonces/pics/31c5a61ff1439fb1fbaf69239cbb42f3.jpg
Samsung galaxy j2,59.900 ,Plateau,media/annonces/pics/f092091d3ddeed9fe74c44eb02389d3b.jpg
Samsung galaxy s6 edge,150.000 ,Plateau,media/annonces/pics/f702be046d5de30bae428aae278d02cf.jpg
Tecno pouvoir 2 4g lte,79.900 ,Plateau,media/annonces/pics/754a0df3fd8ca95ba7e31695cbbd977b.jpg
Tecno f2,39.900 ,Plateau,media/annonces/pics/2352829a0aa968b90d61930e7ca1c80d.jpg
Tecno f2,39.900 ,Plateau,media/annonces/pics/8c1c43193389f15051ce7f8294f0f894.png
Iphone 5s,80.000 ,Plateau,media/annonces/pics/9ac210570d28d717ec3945ea85ed0e55.jpg
Tecno spark k7,57.900 ,Plateau,media/annonces/pics/6d15d1477e739313a8c609184197b88e.png
Hp 15 pro,135.000 ,Plateau,media/annonces/pics/331ad5799ca5883f6b8b04f58bde3e1b.jpeg
Huawei y7 prime,109.900 ,Plateau,media/annonces/pics/17c52006a6f3e5713253ca558217864c.jpg
Huawei mate 10 lite,149.900 ,Plateau,media/annonces/pics/badfca7b64f8531287fb9868e90e9596.jpg
Nokia 5,94.900 ,Plateau,media/annonces/pics/bfcc7bf74cfe864e3cceba5d6e9e3d07.jpg
Samsung galaxy grand prime pro,75.000 ,Plateau,media/annonces/pics/bb5313ea709d78e830b88d858db31815.jpg
Grand studio à ngor almadies,200.000 ,Plateau,media/annonces/pics/f9ba907cb13881f52221e2469b920fd1.jpg
Iphone 6 à vendre,159.000 ,Plateau,media/annonces/pics/04d0604391cac2e6e96bce1cf7985f06.jpg
chargeur sans fil wireless pour samsung et iphone,10.000 ,Plateau,media/annonces/pics/9bc2228a2a08843aec3dfee6c298eea0.jpg
Samsung galaxy s5,90.000 ,Plateau,media/annonces/pics/1c9ee0aa906cfbec40723c13f538b8a2.jpg
Samsung galaxy grand prime plus 4g,59.900 ,Plateau,media/annonces/pics/17dcbeb2aa8da2563446397de0c08c41.jpg
Itel s32,54.900 ,Plateau,media/annonces/pics/45ac291d4f2a9dfec42d48850a792082.jpg
huawei p8 lite,45.000 ,Plateau,media/annonces/pics/795aaee7ecc2d27533d5c536451def45.jpg
Infinix zero 4,129.900 ,Plateau,media/annonces/pics/20a03220ba8615a84e3f0c167ba8c67b.jpg
Microsoft lumia 640,69.900 ,Plateau,media/annonces/pics/caa09c7fdad89d4e7e93415b0670e996.jpg
Samsung j7 néon,99.900 ,Plateau,media/annonces/pics/d891d593745e9966bfa9e11e29d8954b.jpg
Huawei p20 pro,490.000 ,Plateau,media/annonces/pics/b200a8d35f8d9a87168690ae5b6f9f85.jpg
Huawei p20 pro,450.000 ,Plateau,media/annonces/pics/cad1c94365c31c73f82f1985dd38b434.png
Iphone 6,130.000 ,Plateau,media/annonces/pics/757fac7a210a978b68b8ab8bc71b9860.jpg
Iphone 7 plus rouge,375.000 ,Plateau,media/annonces/pics/465819f1091173390499a480a108d070.jpg
Montre connectee Smartwatch  à vendre,20.000 ,Plateau,media/annonces/pics/fe495befdc9db89e1e30fcfe3c466db8.jpg
Iphone 6s plus,245.000 ,Plateau,media/annonces/pics/fb9e0d451ecc23c7ec027bfd08b686be.jpg
Huawei mate 9,145.000 ,Plateau,media/annonces/pics/347bd12195082ee983da34115b386aca.jpeg
Iphone 8 plus 256 GB,510.000 ,Plateau,media/annonces/pics/0fca93f66305e4bab65a73af4c51d260.jpg
samsung galaxy s4,45.000 ,Plateau,media/annonces/pics/2c8ca385fd199d7f9a513536a9575c62.jpg
Invens e2,28.000 ,Plateau,media/annonces/pics/a7f7e60ac5bafc9f29cdfe5c1e7f5752.jpg
Iphone 5s,80.000 ,Plateau,media/annonces/pics/9386e740bf701bede72836f1b67ee0c6.jpg
Iphone 6,125.000 ,Plateau,media/annonces/pics/2d9d988847175ddaba11bd0313edab9d.jpeg
Huawei mate 10 lite,154.900 ,Plateau,media/annonces/pics/c9ca31fc514aac4b76379af727ba1e0b.jpg
Tecno n9,44.900 ,Plateau,media/annonces/pics/17d14dbf6eedc3ebc90878cd3cb902a5.jpeg
Motorola e4 plus,89.900 ,Plateau,media/annonces/pics/b56c4da35fa7683d33158390590e4986.jpg
Alcatel idole 3,54.900 ,Plateau,media/annonces/pics/e2c8cb2321f320b40f4a20fac11eeca8.jpg
Infinix hot 6 pro,84.900 ,Plateau,media/annonces/pics/9a0479bb83f6026fba1ce13eef00399c.jpg
Xiaomi mi band 2,25.000 ,Plateau,media/annonces/pics/505dadcbeecf90ee614e1d388141fb04.jpg
Samsung galaxy j7 prime,80.000 ,Plateau,media/annonces/pics/6194c397e8e8a3fa23e371257274a795.jpeg
Sony xperia l1,105.000 ,Plateau,media/annonces/pics/c7f471d246a533d17a32e7eda85f9a09.jpg
Iphone 5s scellé,110.000 ,Plateau,media/annonces/pics/296dbc3103df43d66e322a19b2789289.jpg
Samsung galaxy s9 plus duos,450.000 ,Plateau,media/annonces/pics/cb93ad5cf8279f8666ed36e77715862f.jpg
Samsung galaxy s6 edge plus,185.000 ,Plateau,media/annonces/pics/40796c82a5ca1d53c9e3439fe3f4456e.jpg
Tecno camon x pro,134.900 ,Plateau,media/annonces/pics/6d0295caf94713c1fa0c662022598279.jpg
Huawei mate 10 pro,365.000 ,Plateau,media/annonces/pics/58ac0faefe44583c16b0216a696352a9.jpg
Iphone 8 plus 64 GB,380.000 ,Plateau,media/annonces/pics/a3a8265b012f90b0078291945222a29c.jpg
Samsung galaxy grand prime plus 4g,59.900 ,Plateau,media/annonces/pics/45e45ae189799ce4b13263a27a397d3f.jpg
Galaxy s8 plus,310.000 ,Plateau,media/annonces/pics/5113820823484e006b5faf7c7d4360fb.jpg
Samsung galaxy s8,350.000 ,Plateau,media/annonces/pics/9736a43a3c6d141a63ffba1503cf62a0.jpg
Tecno x pro,139.400 ,Plateau,media/annonces/pics/6dbe321592f2ee434cf5eaaadca3bb4b.jpg
Itel 1408,27.900 ,Plateau,media/annonces/pics/88314030a40502ad00622f85e9dacec7.jpg
Ecouteur sans fil Airpod original,110.000 ,Plateau,media/annonces/pics/5b8246fa5ab9ec12293f37e046da4a28.jpg
Samsung galaxy s6 gold 32g,100.000 ,Plateau,media/annonces/pics/71f7e35d57094b94f8bfe76b5ea61037.jpg
Invens city x3 originale 32 go,34.900 ,Plateau,media/annonces/pics/512b55874425e186cedbebda861678cd.jpg
Samsung galaxy s7 32 gb,145.000 ,Plateau,media/annonces/pics/c706e51d1ef4e7a77120a219a2ddd3fe.png
Samsung galaxy j6,124.000 ,Plateau,media/annonces/pics/104c3b9596d9ae9b4255690afd929859.jpeg
huawei P8 lite Dual sim,75.000 ,Plateau,media/annonces/pics/04dda1a360ce4d98c8f1b199a08dbb2d.jpg
Alcatel one touch,20.000 ,Plateau,media/annonces/pics/34bb309b1d1f552e68801362ab9169e1.jpeg
Montre intelligent,14.500 ,Plateau,media/annonces/pics/fcdfcc8c42fb6a0ed0922063a847fa9d.jpg
Iphone 6s rose,165.000 ,Plateau,media/annonces/pics/cea864ec3e2df19bc3187b77d3311ffe.jpg
Oneplus one,90.000 ,Plateau,media/annonces/pics/ceb1a6d04c3117e1c63282bb0b15fda7.jpg
Samsung galaxy j7 core,114.900 ,Plateau,media/annonces/pics/960d48796b26496be55514ed33cd3617.jpg
SAMSUNG GALAXY S8 Plus,320.000 ,Mbacké,media/annonces/pics/56af5fcc8cc4188a600583325c8d2747.jpg
Iphone x 256 GB,660.000 ,Plateau,media/annonces/pics/f260f4b3e405a05985aaeee3a00987b0.jpg
Tecno camon cx original,94.900 ,Plateau,media/annonces/pics/4836e677ad53392e54021233950d9a5d.jpg
Samsung s8 +,350.000 ,Plateau,media/annonces/pics/7706fbf0159d8d05a6e791345b1b0988.png
Smartwatch,20.000 ,Plateau,media/annonces/pics/acd6742e4e23453e015b97c8ed908dd8.jpg
Vends Iphone 6+,165.000 ,Plateau,media/annonces/pics/0d474d1021d9e2cf5ad975c3973925f6.png
Power bank,15.000 ,Plateau,media/annonces/pics/67735f23c8757cc1dfd9c3e928dfacff.jpg
Tablette android,35.000 ,Plateau,media/annonces/pics/0ff614779fc2db224de54e5126606de4.jpg
Huawei y7 prime,119.900 ,Plateau,media/annonces/pics/ea7b3991e9cbcc94fdd75e2c134290e0.jpg
Samsung galaxy s7 edge,169.000 ,Plateau,media/annonces/pics/62b5b034284d031c5560c2c3f7e59feb.jpg
Samsung galaxy note 5,175.000 ,Plateau,media/annonces/pics/7980e05200a02734d6b1b66cb20c82c0.jpg
Vends Samsung galaxy j2 original,54.900 ,Plateau,media/annonces/pics/4896d7b2b000c19b4fdeb47ff4b33230.jpg
Samsung galaxy c5 pro,179.900 ,Plateau,media/annonces/pics/b4c9aa3d0fccb523975d97c96c276130.jpg
Vends Iphone 5,70.000 ,Plateau,media/annonces/pics/910da035129f11e24a98b182e11e1190.jpg
iPhone 6 plus,200.000 ,Plateau,media/annonces/pics/a36af019eb6f085099f309f8bb7c8e00.jpeg
Hp + écran,60.000 ,Plateau,media/annonces/pics/19cf9d37ad030a8551fced6bb33ba52e.jpg
iPhone 6+ 64GB,200.000 ,Plateau,media/annonces/pics/a3264a640c84af8372bfbd46b0787f70.jpeg
Iphone 7 plus,315.000 ,Plateau,media/annonces/pics/b9b4394e88f3abd71264071bab465a37.jpeg
Samsung galaxy j7,125.000 ,Plateau,media/annonces/pics/4a09c6e6fe248aa45493751efd4f8e25.jpg
Samsung galaxy note 5 32gb,150.000 ,Plateau,media/annonces/pics/12296dcc3aaf9d743753ff64a782df90.jpg
Vends iphone 6,125.000 ,Plateau,media/annonces/pics/3bf48035d1db7d0423029fdbdf555ec9.jpg
Samsung galaxy s6 edge,159.900 ,Plateau,media/annonces/pics/d28a62cbb4112ad8a83c07e49bc3320b.jpeg
Hp elitebook 850 g3,220.000 ,Plateau,media/annonces/pics/18dd931c3311c4e472b67c8e5c168dcc.jpg
Samsung galaxy s7 edge,200.000 ,Plateau,media/annonces/pics/defccdd86133fe7de73547245c1822fa.jpg
Tecno f2 lite,54.900 ,Plateau,media/annonces/pics/3513a25d8b1a880f724b70d8748bbb2f.png
Apple watch 3 gps cellular,290.000 ,Plateau,media/annonces/pics/d5e2b10df67091ef70836809d16a839e.jpeg
Iphone x,675.000 ,Plateau,media/annonces/pics/f4c353d408d32293812dbf7a536deee0.jpg
Iphone 7,215.000 ,Plateau,media/annonces/pics/c3c1d2f608cc58712cb00acc5d719003.jpeg
Iphone X 64 GB,510.000 ,Plateau,media/annonces/pics/78b12747d4898abf27ad18360a3a87dd.jpg
Tecno f2,39.900 ,Plateau,media/annonces/pics/49024d566db37bb20e91c3e9933cde2a.jpg
Tecno n9,49.900 ,Plateau,media/annonces/pics/c3441bed923f29061b736fc18f62b16d.jpeg
Iphone x 64GB à vendre,675.000 ,Plateau,media/annonces/pics/c2ff2fe347e7551411fa952ab2885976.jpg
Tecno n9 4g lte,49.900 ,Plateau,media/annonces/pics/e396174d0744503b0b1f5cbe9976bfda.jpg
Samsung galaxy j3,69.900 ,Plateau,media/annonces/pics/f2a7271fdad0d98147a35f1d72cc541a.jpg
Samsung galaxy j7 pro,154.900 ,Plateau,media/annonces/pics/ed817d5380e019d1236ca07d97d873f9.jpg
Samsung j one ace,35.000 ,Plateau,media/annonces/pics/f2f2c18c94df56147840fd7c30bc4891.jpg
Iphone 5s,50.000 ,Plateau,media/annonces/pics/ccc4a6c17735b7f3bb53a6b7433578e3.jpg
Iphone 8 64 GB,330.000 ,Plateau,media/annonces/pics/e320f6d216794c99cdda57bd7d23828a.jpg
huawei P8,55.000 ,Plateau,media/annonces/pics/92a43e90024719494098594f8411a96a.jpg
Microsoft lumia 535,44.900 ,Plateau,media/annonces/pics/80c8153cf18b4a38366ad3fb912e32fc.jpg
Iphone 7,324.900 ,Plateau,media/annonces/pics/b76938c7bb6301e1309618b7ccbc122e.jpg
Iphone 7 plus noir,350.000 ,Plateau,media/annonces/pics/058688b58d84c5efcfe6c037d5591ebf.jpg
Iphone x,550.000 ,Plateau,media/annonces/pics/6a9f87e5218a4b103406cc83547659f2.jpg
Invens f3,47.000 ,Plateau,media/annonces/pics/b06e44f0bae66517f9ed88b463111720.jpg
Samsung galaxy s6 edge,159.900 ,Plateau,media/annonces/pics/2b5f383276709aa42378bd2fdb9a1b1d.jpeg
Vends  Samsung galaxy s6 32gb,120.000 ,Plateau,media/annonces/pics/837dc31e1238f3bd57bc067d1eb90925.jpg
Samsung galaxy a6 plus 32go,185.000 ,Plateau,media/annonces/pics/666b724124b5d87b4084c4222092eda9.jpg
Samsung grand prime pro,73.000 ,Plateau,media/annonces/pics/bba1886e0dd90aaf190fcc776438b2d2.jpg
Vends un Iphone SE 16 GO,130.000 ,Plateau,media/annonces/pics/b33faa3925a356003cb0d7176756741a.jpg
Samsung galaxy s6,150.000 ,Plateau,media/annonces/pics/182031e33f43765c00cd283d86228590.png
Vends Samsung galaxy s7 32gb,170.000 ,Plateau,media/annonces/pics/6baa80c5e1d8f13710f9e07b56106577.png
Infinix note 4/pro,100.000 ,Rufisque,media/annonces/pics/0900236fb448380ecd64c17e3388ba37.jpeg
Iphone 7 plus 128 GB,450.000 ,Plateau,media/annonces/pics/82df76b63780021e38fdc76ce2e66aee.jpg
Iphone 7 plus 256 GB,470.000 ,Plateau,media/annonces/pics/5cec529981cf55b76808f6ccb5f94880.jpg
Iphone 7 plus 32 GB,380.000 ,Plateau,media/annonces/pics/535bfd2a3fb666d844997ae40c2e82e9.jpg
Iphone 6S plus 32 GB,250.000 ,Plateau,media/annonces/pics/02bb0fbc40e8a15a8ec41c119bd71095.jpeg
Iphone 6S 32 GB,130.000 ,Plateau,media/annonces/pics/9d917cb805162158fd036e21629a871f.jpeg
Iphone 6 PLUS 32 GB,280.000 ,Plateau,media/annonces/pics/f25a6746ccb169c2b714b956c601eef2.jpeg
Iphone 6 32 GB,120.000 ,Plateau,media/annonces/pics/97a683540200fc8f3d79627c8e00fe30.jpeg
SAMSUNG GALAXY S9 64GB,430.000 ,Plateau,media/annonces/pics/84edbd31160964f69d551e0cde0dbaed.jpg
SAMSUNG GALAXY S7 PLUS,200.000 ,Plateau,media/annonces/pics/9689871526ee8eb94211ffa0140cd155.jpg
SAMSUNG GALAXY S7,160.000 ,Plateau,media/annonces/pics/0a6a89ec8d3e3274188b66d1c5770b7f.jpg
SAMSUNG GALAXY S8,320.000 ,Plateau,media/annonces/pics/5ecfd5b78f5cf12c772430c3ec57dba0.jpg
SAMSUNG GALAXY S8 PLUS,350.000 ,Plateau,media/annonces/pics/4ded14c021475c5134be55ae087bd3c5.jpg
Iphone 7 plus,375.000 ,Plateau,media/annonces/pics/70f8360ea76278f41dce1282b4a4d851.jpg
SAMSUNG GALAXY S6 PLUS,160.000 ,Plateau,media/annonces/pics/9ed21e00492119a13bdb097b67bf331d.jpg
SAMSUNG j7 PRO,150.000 ,Plateau,media/annonces/pics/048e68b6c2992156e38079de5358edc6.jpg
ITEL 5600,7.000 ,Plateau,media/annonces/pics/8a0fdee7e569533078096dcb4f238d75.jpg
SAMSUNG GALAXY J1,45.000 ,Plateau,media/annonces/pics/e8ca934128059a1c55dfdf995f168834.jpg
Samsung Galaxy j3 pro,89.900 ,Plateau,media/annonces/pics/154750601245e639464bb2578a320351.jpg
SAMSUNG GALAXY NOTE 8,450.000 ,Plateau,media/annonces/pics/b520dd89a11a1c48e7665ef39d6dfe75.jpg
SAMSUNG GALAXY S6,120.000 ,Plateau,media/annonces/pics/bfa49a1537cb531549073e70ae36fd43.jpg
Alcatel 3v,100.000 ,Plateau,media/annonces/pics/61c837022f08355e7fd31ad4850c6d8a.jpg
HP 15,134.900 ,Plateau,media/annonces/pics/fc8d5762a6e182d0c1c89672b9ad3427.jpg
Samsung galaxy s9,375.000 ,Plateau,media/annonces/pics/6e059bf7b4add9557769c015ece1adf4.jpeg
Samsung galaxy s9+,350.000 ,Plateau,media/annonces/pics/f3ab79701549113c8da48412c9167d20.jpg
Iphone 6s 16gb,140.000 ,Plateau,media/annonces/pics/d2cdb4d1723c6d0c98c3f9327e8200a6.jpg
Iphone 8 plus,440.000 ,Plateau,media/annonces/pics/331983ddf8650daea791efde6a1373eb.jpg
TECNO SPARK 2 16Go à prix cadeau,63.000 ,Plateau,media/annonces/pics/b11ecf1c934bb2df2408a01629c8e0b1.jpg
Promo TECNO K7  N HÉSITEZ PAS,62.500 ,Plateau,media/annonces/pics/bb85c1507ec7cfa087252137b55ae31c.jpg
TECNO POUVOIR 1 moins cher,57.000 ,Plateau,media/annonces/pics/f3307ef1b3c78fd5bbc6236fc20ea87d.jpg
Vente TECNO POUVOIR 2,76.000 ,Plateau,media/annonces/pics/545d6f2db78419c818fbc382945a17b2.jpg
Tecno Camon X Pro Moins cher,134.500 ,Plateau,media/annonces/pics/b5f768bdc6cdd99d8558649d34c8c206.jpg
Smartphone de marque Infinix Hot 6,64.000 ,Plateau,media/annonces/pics/fa40c29160341deaf337c36c9f54995a.jpg
Smartphone de marque Infinix Hot 6 Pro disponible chez nous,78.000 ,Plateau,media/annonces/pics/3d5ebb6bbd0b7c3a871f909f3ed67e03.jpg
"vente,Samsung Galaxy J4 à prix cadeau",90.000 ,Plateau,media/annonces/pics/22979c546a1bb5ec6d2d39cac503287a.jpg
GALAXIE GRAND PRIME PLUS,57.000 ,Plateau,media/annonces/pics/cec0eb5c1e39448f930a4eb5d4e45441.jpg
Iphone 6s plus,235.000 ,Plateau,media/annonces/pics/06cf6e2b21ff3d7726425a24d86e7c60.jpg
iPhone 8plus 64 giga,330.000 ,Plateau,media/annonces/pics/1e8c32605a891d6ce9f88823b6aeb0c9.jpeg
SAMSUNG GALAXY A7 2017,180.000 ,Plateau,media/annonces/pics/5835919ccfa38cfedd4d7028e0a2eaa8.jpg
SAMSUNG GALAXY A6 Plus 2018,120.000 ,Plateau,media/annonces/pics/8d702780164fb43664f0dfb04c6dd065.jpg
SAMSUNG GALAXY J2,50.000 ,Plateau,media/annonces/pics/50f3d587069ca78bb6685c570b3d466b.jpg
TECNO SPARK k7,57.000 ,Plateau,media/annonces/pics/bf494384b68ab7848c5ef91121a63066.jpg
TECNO CAMON X AIR,75.000 ,Plateau,media/annonces/pics/108aa21048b54eeb395cb6e8e4e0372f.jpg
ITEL 1408,25.000 ,Plateau,media/annonces/pics/3328cff0cb19e85e4205030575b591a6.jpg
ITEL 1508,30.000 ,Plateau,media/annonces/pics/2c1531fe64e9499e1e986856392037c7.jpg
Smartphone de marque Samsung Galaxy J6 en vente.,115.000 ,Plateau,media/annonces/pics/92e3aee4269c028f6e29ba6cecdee976.jpg
SAMSUNG GALAXY J7 PRO 2017,135.000 ,Plateau,media/annonces/pics/550351fb584f00aacc0436a21d575c5d.jpeg
SAMSUNG GALAXY J6 - 2018,120.000 ,Plateau,media/annonces/pics/58f33cb3d03eb85ac394216aa21eb030.jpg
SAMSUNG GALAXY J4 - 2018,90.000 ,Plateau,media/annonces/pics/47d99f7c8be43cbb46a2cb082845c12b.jpg
Tecno Spark,65.000 ,Plateau,media/annonces/pics/9a35b39260a710ac337f256dad7ce4b7.png
TECNO POP 1,40.000 ,Plateau,media/annonces/pics/a3d775de587301fcd015c17fcd6c0d39.jpg
TECNO PHANTOM 8,180.000 ,Plateau,media/annonces/pics/8090dfefcd95b8306f0e5a59fdbe802d.jpg
TECNO PHANTOM 6 PLUS,140.000 ,Plateau,media/annonces/pics/6e679f0846b8397e084b1a128ae0eccf.jpg
TECNO K9,70.000 ,Plateau,media/annonces/pics/56bdc58ba408b0f2b481f92e0f019217.jpg
TECNO CAMON X,95.000 ,Plateau,media/annonces/pics/dbec582ce4dad4a5da368c30b5480bd9.jpg
ITEL A32F,35.000 ,Plateau,media/annonces/pics/f4b09fa222720f51d226a32891ae330b.jpg
Samsung galaxy s7 edge,190.000 ,Plateau,media/annonces/pics/b7c2671a79f16c46c15495b302b5fbff.jpg
Samsung galaxy S6 original,90.000 ,Plateau,media/annonces/pics/4b8cb782ac100f18ac42b64184d5c192.jpg
Samsung galaxy s9,270.000 ,Plateau,media/annonces/pics/c6630a4a8e81bd1983a1f7cb6166b4a5.jpg
Samsung s9,310.000 ,Plateau,media/annonces/pics/39e687c8a452231112a598094851115d.jpg
Samsung galaxy j1ace,35.000 ,Plateau,media/annonces/pics/6cad15b29489ddcc24e437fcf68f1817.jpeg
Invens r7,29.900 ,Plateau,media/annonces/pics/6143225ff0c273dbf25cc4738c95cb3f.jpg
Iphone XS,590.000 ,Plateau,media/annonces/pics/dc087741868b58e2b7156a67af5bf58d.jpg
Iphone xs max,670.000 ,Plateau,media/annonces/pics/c780c0e33220a0fcbaae0903799e3177.jpg
Iphone 7,200.000 ,Plateau,media/annonces/pics/d7007f108c6fb91c8f32e3237af384da.png
Samsung galaxy s8,200.000 ,Plateau,media/annonces/pics/618c7a9c3116415aaab0a2faf2e0679b.jpg
Vente de téléphone portable,1 ,Plateau,media/annonces/pics/eb2ddd33245107b4c503aee42f34a984.jpg
Samsung j7 NEO,99.900 ,Plateau,media/annonces/pics/95949d2532c16e601d3307d57daf11c7.jpg
Iphone XR,575.000 ,Plateau,media/annonces/pics/92e8a828fb2c1a7d492f56d581613da5.jpg
TECNO CAMON11/32GB,80.000 ,Plateau,media/annonces/pics/ab0bc8dad2278befdfdc8c4443d5f15f.jpg
TECNO CAMON11 PRO/64GB,125.000 ,Plateau,media/annonces/pics/3dff79f9647c6e62c2f17b6d1fa93110.jpg
Huawei p20,240.000 ,Plateau,media/annonces/pics/b7c8907266c61e632ab73e81943db386.jpg
Tecno spark 2,55.000 ,Plateau,media/annonces/pics/65187601f8dee1ec55b5c31e78b76719.png
Huawei mate 20 pro,600.000 ,Plateau,media/annonces/pics/ecc3195ab2bfead8b89b54c97b694ac9.jpg
Iphone 6,100.000 ,Plateau,media/annonces/pics/d841ff1ff4b178f50530443b2873cd06.jpg
Itel s11,34.900 ,Plateau,media/annonces/pics/b830a012e139d3aa7af8e7da6e90c903.jpg
Samsung galaxy grand prime plus 4g,59.900 ,Plateau,media/annonces/pics/ac85a4a57f58e665b3fc1821574cdef3.jpg
Samsung galaxy a3,110.000 ,Plateau,media/annonces/pics/57c132b9878860b0a6b60333135568fe.jpg
Doogee x70,54.900 ,Plateau,media/annonces/pics/209b9f272753d717c2b146788a2d8d90.jpg
Huawei y9,144.900 ,Plateau,media/annonces/pics/41d34110bf2d2de69c74b0d2e9420d56.jpg
Samsung galaxy j4+,88.500 ,Plateau,media/annonces/pics/b1fade9afb25fcb646d5ca97dc9329d5.jpg
Iphone 8 plus,350.000 ,Plateau,media/annonces/pics/b0624ec0c686ac20fee1d828f29dd66c.jpg
Samsung galaxy a9,298.000 ,Plateau,media/annonces/pics/559aa554a604695d3581018818bbe2ab.jpg
Iphone x,440.000 ,Plateau,media/annonces/pics/60f890bd8a3af94e006ea3a49c8502e1.jpeg
Tecno y2,34.900 ,Plateau,media/annonces/pics/ebb7ce63cd733e22ca124ed1ced3e989.jpg
Tecno camon x,75.000 ,Plateau,media/annonces/pics/55d92779048ef90de123c3304f8b0e7a.jpg
Samsung galaxy j8,142.500 ,Plateau,media/annonces/pics/be8cb3b09f2e3f16cb0b24802c0d844b.jpg
Samsung galaxy note 9,435.000 ,Plateau,media/annonces/pics/2fcbf1992f408450b9476259f4db72f4.jpg
Motorola x,145.000 ,Plateau,media/annonces/pics/b723883ad30145ce399cd8f19c5fe55d.jpeg
Iphone x,395.000 ,Plateau,media/annonces/pics/2a7ee1c020464ed646b2833c16545153.jpg
Iphone 6 plus 16go,165.000 ,Plateau,media/annonces/pics/56d4be670e2698757c62cf4e704777b5.jpg
Iphone xs max,600.000 ,Plateau,media/annonces/pics/1aedfbcbced63807331b41f6058fb47d.jpg
Iphone 8 plus,360.000 ,Plateau,media/annonces/pics/4a966c6464a3425b3148cd10682303e9.jpg
Tecno camon 11,82.500 ,Plateau,media/annonces/pics/d9cab8fc7cae1c91befb7667805d256a.jpg
Iphone 6s,125.000 ,Plateau,media/annonces/pics/120e184a029bda653e2524305fe7437f.png
Oneplus 6t,360.000 ,Plateau,media/annonces/pics/e15bfc3732934bdbfe52ca08ac219aa3.jpg
Huawei mate 20,360.000 ,Plateau,media/annonces/pics/24a456609f1d050f878575b222051f95.jpg
Galaxy s9,240.000 ,Plateau,media/annonces/pics/0e860c6823b6f05d860b82ccd29ec5b4.jpg
Iphone 6S+,784.626.865 ,Plateau,media/annonces/pics/061bec62d3ae47f6c144dd072ec3a2a9.jpeg
Iphone 6,100.000 ,Plateau,media/annonces/pics/873464daf47508df0dfc03f80f1620cd.jpeg
Huawei honor view 20,300.000 ,Plateau,media/annonces/pics/9df2745e0dffb3ca1b1c32d9f2e215c8.jpg
Tecno spark k7,40.000 ,Plateau,media/annonces/pics/c7cbeaeb45074ac7f7253658742c2e0f.jpg
Smartphone android itel it 1408,25.000 ,Plateau,media/annonces/pics/7814adff393aafeaa663b96a0c75dfac.jpg
Infinix hot 7,59.900 ,Plateau,media/annonces/pics/195e302edabd643f0a25daacdfb7adc0.jpeg
Samsung galaxy a6 plus,145.000 ,Plateau,media/annonces/pics/3e9ff9befa41d18981577c13ba406074.jpg
Samsung note 9,600.000 ,Plateau,media/annonces/pics/ce14350b7c4f7d7d620df84768067572.jpg
Samsung galaxy s5,75.000 ,Plateau,media/annonces/pics/25a68367293c81060735a3f46c7494fe.jpeg
Tecno camon cm,65.000 ,Mermoz,media/annonces/pics/fd563527814cc73ec85de717f0af1742.jpg
Iphone x,430.000 ,Plateau,media/annonces/pics/61fc88a78d43686cccc3f6c1e81285a4.jpg
Iphone 5,25.000 ,Plateau,media/annonces/pics/da0846744f3638113dbe945f73f29ce6.jpg
Iphone 6,120.000 ,Plateau,media/annonces/pics/a928ea3951e6cf06933f4ad4ab5bb8ef.jpg
Huawei mate 20 pro,550.000 ,Plateau,media/annonces/pics/8c33832dc617b0845f503f6f72496314.jpg
Samsung galaxy j4+,84.900 ,Plateau,media/annonces/pics/fd9d6ac23e1a3eb3febd3b28979581e8.jpg
Iphone 6,125.000 ,Gueule tapée,media/annonces/pics/1deba5f3ac401d16db46037a576c1543.jpg
Samsung galaxy s10+ plus,560.000 ,Plateau,media/annonces/pics/2c2427dd7418ea80e61dd390f082904b.png
Itel a16,34.900 ,Derklé,media/annonces/pics/2b8cf68c67c014378a0a54a22bd6c320.jpg
Huawei y3,49.900 ,Derklé,media/annonces/pics/6b3bd160299b51c7ba9ede5737d09c90.jpg
Huawei honor 10,170.000 ,Plateau,media/annonces/pics/ee8e3eac04ee46bb4e69df668892643c.jpeg
Iphone x,490.000 ,Plateau,media/annonces/pics/8866fb145451ad594adc4c38fea7d2d0.jpg
Iphone SE,30.000 ,Ngor,media/annonces/pics/9b8671836a1b52b580d567406ffa7c74.jpg
Iphone 6s+,190.000 ,Parcelles assainies,media/annonces/pics/fd51cd8a6efa2eda111e9137cd610146.jpg
Huawei y7 pro 2018,70.000 ,Sicap liberté,media/annonces/pics/002e62a42d4ab89f3822bb5517597eb9.jpg
Tecno,75.000 ,Fann,media/annonces/pics/ceaaea38d658b07cc27a2f817a627ee2.jpg
iPhone X white 256Gb FROM CANADA *NEGOTIABLE*,450.000 ,Scat Urbam,media/annonces/pics/70fadd7ba1e8a1488d9925933a216481.jpg
Lg g6,140.000 ,Plateau,media/annonces/pics/085de3f2d05ff642ac28174fe70198a5.jpg
Iphone xsmax,600.000 ,Grand Dakar,media/annonces/pics/50433490b226e2f967710585f839e136.png
iphone 7,199.900 ,Derklé,media/annonces/pics/0982f8aad50478c500b3f8cc745852ab.jpg
Samsung galaxy j6 plus,99.900 ,Dieuppeul,media/annonces/pics/35c4330becba432f47ed60e96a8aecdf.jpg
Vente iphone 6s Gold 64go officiel,150 ,Parcelles assainies,media/annonces/pics/8b594a1f029da4230a02ad470d9e76a6.jpg
iPhone 8,230.000 ,Grand Yoff,media/annonces/pics/04880e95f2e2de3a9acf327c5a7aac42.jpeg
iPhone 7simple,175.000 ,Dakar,media/annonces/pics/c531b14b558c6655cb89d81b3460264d.jpeg
vente de telephone,140.000 ,Dakar,media/annonces/pics/6b8ecd9f63a18a84ea8bf3449d2a41b1.jpeg
iphone X white 256Gb FROM CANADA *NEGOTIABLE*,450.000 ,Scat Urbam,media/annonces/pics/fb92e9688ea3e0e132b967827aef2566.jpeg
SAMSUNG GALAXY S8 PLUS,310.000 ,Keur Massar,media/annonces/pics/d61f80511667708fbcc63ee90f6c7f8e.jpg
Iphone 6,135.000 ,Plateau,media/annonces/pics/1e5f6d315bd0982fc2ea4dd891eb4350.jpg
Iphone xs gold,499.000 ,Dakar,media/annonces/pics/76c280bcbf171326d480fa9f708ec723.jpg
Tecno spark 3,62.000 ,Dakar,media/annonces/pics/e9acf6278d25ce58792ce3020d141488.jpg
Huawei y5 prime,79.900 ,Plateau,media/annonces/pics/fe647bba7e14009b9b9a5b7d9dd22fda.jpg
Iphone x,390.000 ,Dakar,media/annonces/pics/02cecb2b620d0f66d1d29434b7cbddf5.jpg
samsung galaxy j2 core dual sim,58.000 ,Point E,media/annonces/pics/fa69f29b70950c568945e1221dcc54de.jpg
TECNO CAMON 11 PRO,140.000 ,Point E,media/annonces/pics/7b21c0e84a28d307da2847d5fbef455d.jpeg
Tecno camon 11 pro,120.000 ,Dakar,media/annonces/pics/61f7293da859d03190f58c4b88aba6a4.jpg
iPhone 7 Plus à vendre,240 ,Hann Maristes,media/annonces/pics/eed704b44fb844f9f2958871e5c0be5a.jpeg
iPhone 7 Plus Intacte,300 ,Plateau,media/annonces/pics/e74e1860c421f04ca542feb29672bfb5.jpeg
iPhone 7 Plus,300 ,Plateau,media/annonces/pics/62782a62719851878f6517a3c2a55f26.jpeg
iPhone SE (Édition limitée),200 ,Plateau,media/annonces/pics/322d344ed3e4adb1696e534071c9cb94.jpeg
iPhone 6s Rose,200 ,Plateau,media/annonces/pics/52284ef29b530dfb5c4d13ede11c6b4f.jpeg
Samsung galaxy a7 2018,140.000 ,Liberté 6,media/annonces/pics/f938ae513270fddfde8ec8b950a5b8a2.jpg
Chargeur de Voiture à Double Port - Roadster avec Casque sans Fil,16.000 ,Plateau,media/annonces/pics/d52a0f2772e13a8a1449becfce4c9cf6.jpg
IPhones 7plus 128gb,270.000 ,Médina,media/annonces/pics/7ef0b3271a1242824e491ebe2d449287.png
IPhones 8plus scellé,420.000 ,Médina,media/annonces/pics/1db391833892807ca4ee8e6220f91190.png
IPhone 5S,70.000 ,Médina,media/annonces/pics/941c706f8406b5bb7873d5d7611b0223.jpeg
Samsung Galaxy J1 ace deuxième main,38.000 ,Point E,media/annonces/pics/6dd5311c5cc9967908366bbdf3206f36.gif
iphone 7 rouge 128 go pas cher,200.000 ,Dakar,media/annonces/pics/ba9d95aea416148468053796051538e3.jpg
Samsung galaxy A10,70.000 ,Plateau,media/annonces/pics/5ded6e6b11c262cae3029e9eaeb59d0f.jpg
Iphone 6,109.900 ,Dakar,media/annonces/pics/785b1d7a7499b420e5dcd6f42c95429e.jpg
GEMINI DUAL LIGHTNING CONVERTER,5.000 ,Dakar,media/annonces/pics/21cdf4e2dabe4ada4ab4bad22e375488.jpg
Samsung galaxy j2 core,58.000 ,Point E,media/annonces/pics/21b48e1c5366a01138ec77f1a40e682a.jpg
Tecno camon 11 pro,140.000 ,Point E,media/annonces/pics/7676fff7bafeb82be8689d03fc60cde4.jpeg
TÉLÉPHONES IPHONE 7+ ET AUTRES,275.000 ,Point E,media/annonces/pics/6ab5671ce18e1bfa5c2f88030f51713a.jpg
Tecno camon 11 pro,140.000 ,Point E,media/annonces/pics/b70847f138ac18ad1468a4049d3c1fc0.jpeg
Tecno camon 11 pro,130.000 ,Point E,media/annonces/pics/188e4e451c461b74eabd3cf7c44ef7c1.jpeg
"Bonjour,je vend mon portable Samsung j6  en bon état",80 ,Guédiawaye,media/annonces/pics/a74e6f7c7dfbec0aef8113668f3fbd82.jpg
IPhone XS Max 256gb tout neuf 550000cfa,550.000 ,Diamalaye,media/annonces/pics/11ce22b1a063b3ef035963228aa4b17d.jpeg
iPhone 5 et iPhone 5S,60.000 ,Médina,media/annonces/pics/cdc9ec327f1f09a7fc82fba90b3d03b0.jpeg
HUAWEI P20,210.000 ,Dakar,media/annonces/pics/b7f94347528046c19925c5692ab41a34.jpg
"iPhone XR, Iphone X, iPhone 8 Plus, iPhone 5S",380.000 ,Scat Urbam,media/annonces/pics/9736cce95b73d80a22f1d1ae33b97e28.jpeg
IPhone 6s+,60.000 ,Yoff,img/nophoto.png
IPhones 6S 32gb,110.000 ,Médina,media/annonces/pics/7bae6bfb0ee3dbefe6a6298bfa1f0f3f.jpeg
Samsung galaxy J7 prime,135.000 ,Amitié,media/annonces/pics/31eec23e4e3dc5c631fd3e9c8d728a44.jpg
Samsung galaxy J7 prime,80.000 ,Amitié,media/annonces/pics/2f1b9f1203cea7d15f3309c9060b68df.jpg
IPhone 7 simple 32gb,155.000 ,Médina,media/annonces/pics/6e1da6da286b122ddbebde21d6f25599.jpeg
Samsung Galaxy S8   Chargeur sans fil,220.000 ,Liberté 6,media/annonces/pics/e4402217ef79e89d586ef566f4fe7509.png
Iphone 6 plus 16gb,120.000 ,Rufisque,img/nophoto.png
IPhone 7 simple 128gb,170.000 ,Médina,media/annonces/pics/89b5e180d297fb5bd0eaabd522226d68.jpeg
Iphone 8 simple 64go,230.000 ,Dakar,media/annonces/pics/8d54b07a666cac3e645a2655848fba96.jpeg
IPhone 6s 32gb,110.000 ,Médina,media/annonces/pics/d307d9290a02455370c3e8ec1cf1a8fd.jpeg
"apple iphone 11,xs max,galaxy s10+",600.000 ,Cité avion,media/annonces/pics/fdcc948291f5a8c67c4003acaea76fed.jpg
Airpod,40.000 ,Dakar,media/annonces/pics/9fa5a2da321767ab580d1620ab794353.jpg
iPhone X mini 64 go,360.000 ,Dakar,media/annonces/pics/62186936bea35ac7daa65bf17bd70357.jpeg
Téléphone Doro 8042,200.000 ,Keur Massar,img/nophoto.png
IPhone 7plus 32gb,230.000 ,Médina,media/annonces/pics/4d412b2899505869a69a693fe0b5cfc2.jpeg
Samsung galaxy s10,500.000 ,Gueule tapée,media/annonces/pics/5d45234899812d6577cde88e514756ec.jpg
IPhone 7 32gb,155.000 ,Médina,media/annonces/pics/af1be3a1b5db96cff4eb42e4d9f7622f.jpg
Lots de smartphones authentiques venants,25.000 ,Mbao,media/annonces/pics/3fdc97cc924aeac3e44dc65363045181.png
iPhone 8 Plus neuf 64 go gold,260.000 ,Niarry Tally,media/annonces/pics/140c3dc873d7275ee65fcaa8ab6db51d.jpeg
Infinix smart 3 plus 32Go,65.000 ,Fass,media/annonces/pics/835b7834080f6d9c1e6603496e07e575.jpeg
Coques personnalisées,7.000 ,Nord Foire,media/annonces/pics/8f51c693ef25879509737f644b6625aa.jpeg
iPhone 6 64 gb scellé dans sa boite,120.000 ,Patte d'Oie,media/annonces/pics/7ef175a39cd80b32346efd9a7465f28d.jpeg
iPhone 6 64 gb,110.000 ,Dakar,media/annonces/pics/4bac3a6c75a50af22348be0d75cc1715.jpeg
Samsung galaxy note 8,250.000 ,Parcelles assainies,media/annonces/pics/4fad770721b252bc0265578d24ab587b.jpg
Iphone 7 plus 128 giga,240.000 ,Médina,media/annonces/pics/3245e7da39191ac8533b9cb8879776ea.jpeg
iPhone 6 64 gb,100.000 ,Patte d'Oie,media/annonces/pics/db84bcfd515e54cad637704fed921fc9.jpeg
Téléphone Techno/phantom9 garantie 1ans avec facture,140.000 ,Dakar,media/annonces/pics/460adadb5bc7e4bab0adb77df4c3d4b4.jpg
Samsung Galaxy,250 ,Parcelles assainies,media/annonces/pics/6793799ac15dd5a1451bf83ff2d4c955.jpg
iPhone 6 Plus,155.000 ,Patte d'Oie,media/annonces/pics/75eb02fe1091deffa3a5cd06faa94220.jpeg
Huawei mate 8,40.000 ,Ouest Foire,img/nophoto.png
iPhone 6 64 go,105 ,Patte d'Oie,media/annonces/pics/10a67171692f00e0c320890451a9e168.jpeg
Machine minceur,261 ,Almadies,media/annonces/pics/6e85f9350f5fc1e9e82e0c77bd701fd2.jpg
iPhone X 64 go,350.000 ,Patte d'Oie,media/annonces/pics/bd4d47e570fa4a628c10a2d77324a060.jpeg
Iphone 6 simple 64gb,90.000 ,Parcelles assainies,media/annonces/pics/7bed7d8fe98e4a22f6b7fac7a657d7db.jpeg
Samsung s7 edge,50.000 ,Amitié,img/nophoto.png
Iphone 6simple 64gb,90.000 ,Parcelles assainies,media/annonces/pics/b7bd5c1a995b32d9ec242bcfb04709e3.jpeg
iPhone 7+,180.000 ,Keur Massar,img/nophoto.png
Apple iPhone 11 Pro Max 512GB Unlocked == $850,497.000 ,Bene Tally,media/annonces/pics/4aac8a92f9a9cbab0a1c3ba7ffd7b22a.jpg
Nokia 6.1,65.000 ,Parcelles assainies,media/annonces/pics/1b6cb1a2701a50199c476aa02ac71d71.jpg
Iphone 6simple 64gb,90.000 ,Parcelles assainies,media/annonces/pics/dedac69a1c65bdfe138215da091d7f75.jpeg
Iphone 11 blanc,480.000 ,Rufisque,media/annonces/pics/0407eeb2a017ef019eafa61c90b25a6b.jpeg
Samsung J7,135.000 ,Dakar,media/annonces/pics/940b9a13438ed12f1d86b05702c47f8b.jpg
IPhone 7 simple 32gb Rose scellé,150.000 ,Médina,media/annonces/pics/8d4bd251273582e40e911d0fa8d2a31b.jpg
Smartphone invens v12,39.000 ,Dakar,media/annonces/pics/e9ee500930b60cdf6c1f54b63b282ba0.jpg
INVENS Max 9,44.000 ,Dakar,media/annonces/pics/fe8c69be569d5623d516dfd435312cea.jpg
INVENS V3,36.000 ,Dakar,media/annonces/pics/ccfa0d51b9de4d02556dff9835b38825.jpg
iphone 7 32 go,135.000 ,HLM,media/annonces/pics/79dc00e804996ef30bde2e66bb6c78c7.jpg
INVENS Max 8,45.000 ,Dakar,media/annonces/pics/46945915435199d51a9967ea74ddb1cc.png
SAMSUNG GALAXY A51,175.000 ,Dakar,media/annonces/pics/7741e484e04f37a07105d96059515c33.jpg
INVENS k1,42.000 ,Dakar,media/annonces/pics/f854470417dd2f1b194d5600f3f7da33.jpg
Xiaomi Redmi note 7,120.000 ,Rufisque,media/annonces/pics/e014fb946a2e6f413ef5ed1ae769d423.jpg
Xiaomi Redmi note 7,120.000 ,Rufisque,media/annonces/pics/64f0714903ce59d8be48967df0e420af.jpg
Samsung S10,250.000 ,Almadies,media/annonces/pics/8d3c0f995559591023b1fee1542dbb4e.png
Iphone X à vendre,315.000 ,Yoff,media/annonces/pics/fb7fe8ca0999b26828e2451717aa770a.jpeg
IPhone Xr 128gb,350.000 ,Médina,media/annonces/pics/e4fb51721098cee5baa78dc869155196.jpg
Iphone 6 simple 64 gb,95.000 ,Parcelles assainies,media/annonces/pics/aff8a3834c6d20d52c6397b335cb8d6a.jpeg
Samsung Galaxy A10s,78.000 ,Dakar,media/annonces/pics/f9236bed6f5aca0ffa9e006c38db0cbc.jpg
iPhone,320.000 ,Parcelles assainies,media/annonces/pics/6894b938de2463d01051b10104efc610.jpeg
Tecno spark 4,66.000 ,Rufisque,media/annonces/pics/56fdc005162ca34fb3f80434b8a257f0.jpg
Tecno camon 12,87.000 ,Rufisque,media/annonces/pics/a43aca0a3b785867656773d35c3bac76.jpg
IPhone 8plus 64gb scellé,300.000 ,Médina,media/annonces/pics/fee6a01f14f3d5e9955d5c345a97bbee.jpg
IPhone Xsmax 256Go,490.000 ,Médina,media/annonces/pics/fb466b36bb39037ac525668723e62fbe.jpg
iPhone 7 128go,132.000 ,Patte d'Oie,media/annonces/pics/7beaa94c2ba9f26c15e88416f72a16ca.jpeg
IPHONE 11 Simple RED 64,450.000 ,Parcelles assainies,media/annonces/pics/1336747c02891a231d5df48128f4dca4.jpeg
Iphone 6 simple 64gb,95.000 ,Parcelles assainies,media/annonces/pics/40cf6597c5ffee8834099a07616b0512.jpeg
iPhone 8 Plus 64 red,265.000 ,Derklé,media/annonces/pics/fdbaa3547b581d60dbe775740bb6df5b.jpeg
Portable,70.000 ,VDN,media/annonces/pics/f1dea35fcd01de1e36e662f303fe4433.jpeg
Portable,177.000 ,VDN,media/annonces/pics/d230ac2dd06dc5f2104bbdfc00b71f4d.jpeg
INVENS Max 3,39.000 ,Dakar,media/annonces/pics/158374b7fce057bc183f1d51dbb40afc.png
Xiaomi Redmi Note 8T,155.000 ,Mermoz,media/annonces/pics/a58f18e43316b635dcb0ecdfb66db8ee.jpg
iPhone 8plus,290.000 ,Almadies,media/annonces/pics/b1b1b2be624ce5f35e4e1d139c13b4d3.jpeg
Iphone 6simple 64gb,90.000 ,Parcelles assainies,media/annonces/pics/95f4069e79aa17e37333be8cecc55197.jpeg
TECNO SPARK 4 PRO,70.000 ,Pikine,media/annonces/pics/495be4a800f36874555ba56d57a7177a.png
Samsung a7,120.000 ,Castors,media/annonces/pics/653dca6ce1d74b6a4a0f2dbe4a3ff136.jpg
Iphone 7plus 128gb,210.000 ,Parcelles assainies,media/annonces/pics/3e14602014e667b4c5e26e3b156475cb.jpeg
SAMSUNG GALAXY A20S,102.000 ,Dakar,media/annonces/pics/738f21edf560e5350fce84675eef141d.jpg
Honor 7A,65.000 ,Yoff,media/annonces/pics/bd5c7f7d5b2608b2e236975fd8963676.jpg
Samsung Galaxy note 3,50.000 ,Yoff,media/annonces/pics/3dde8127e390bd5b3ea10a7e31b5cbe3.jpg
iPhone 6s 32go,70.000 ,Golf,media/annonces/pics/ca92d5b220cd7a172a705d323c35aef7.jpeg
Iphone 7plus 128gb,200.000 ,Parcelles assainies,media/annonces/pics/4c360fd1fac6ca396fe01180907c360e.jpeg
Iphone 8plus 64giga blanc,290.000 ,Parcelles assainies,media/annonces/pics/3176e480b34197b14468bfc33c2319e0.jpeg
Iphone 7 Rouge 128 go,145.000 ,HLM,media/annonces/pics/d28a8ad7589e25038b664cbe9a87b8b0.jpg
Iphone 7plus 128gb,200.000 ,Parcelles assainies,media/annonces/pics/0c345fa4b45dc22a2b33e50594828860.jpeg
iPhone 5s venant,55.000 ,Hann Maristes,media/annonces/pics/e991ff0c671832db2936f718cd297f90.jpeg
iPhone 6s+ venant,145.000 ,Hann Maristes,media/annonces/pics/2c9e20dbe4d31b2362a4d727bbce5b19.jpeg
iPhone 7+ venant,195.000 ,Hann Maristes,media/annonces/pics/1f7b9fc03fc431b2a07a75f1592219e9.jpg
iPhone 6 venant,75.000 ,Hann Maristes,media/annonces/pics/3da1e5f3d0763a501fb26a10683a03a8.jpg
iPhone 7 venant,135.000 ,Hann Maristes,media/annonces/pics/b359cf82e70099ac1a12b7b457dfb6a1.jpeg
iPhone 6s venant,95.000 ,Hann Maristes,media/annonces/pics/bc4c9696454a4c80cfe3b294c29896d5.jpg
SAMSUNG GALAXY A70,210.000 ,Dakar,media/annonces/pics/2433e0208561bd730a453ac465bd2eb5.jpg
IPhone 11pro 64gb,550.000 ,Médina,media/annonces/pics/68bd08a2a1bfaf529acb5fbd83c5f34f.jpg
INVENS V3 plus,37.000 ,Plateau,media/annonces/pics/b1badbb89e908a1390d596a4d6761dc6.jpg
INVENS Max 8,45.000 ,Plateau,media/annonces/pics/11880a7c5fcd501d2caa5cccea5933c9.jpg
Smart WATCH,13.000 ,Dakar,media/annonces/pics/142942e6e7c530635db781a4d6125b45.jpg
Smart WATCH,13.000 ,Dakar,media/annonces/pics/3ac3ef694da6acafda5674cef1330c2b.jpg
SAMSUNG GALAXY A2 core,51.000 ,Plateau,media/annonces/pics/34c930fbea99dc98cd48d67b107e8d58.jpg
iPhone 5s 16giga,50.000 ,Ouest Foire,media/annonces/pics/1a87deca458cfd4889d5a0ec4b742fbc.jpg
Vendre,50.000 ,Ouest Foire,media/annonces/pics/02d39c716856f43e86d1626e56621a1c.jpeg
Vendre,195.000 ,Ouest Foire,media/annonces/pics/70dc4ef581b6d7c2e0f087aeff204774.jpeg
SAMSUNG GALAXY A10S,79.000 ,Plateau,media/annonces/pics/51994353b5ac7cce8c55afc9f87616ad.jpg
Iphone 7plus 128gb,190.000 ,Parcelles assainies,media/annonces/pics/408a538cdf1715dbf59f952f81dc798f.jpeg
Itel A16,20.000 ,Grand Dakar,media/annonces/pics/6c16add41013824e61c68ce02de84a2a.jpeg
iphone 7plus 128gb,190.000 ,Parcelles assainies,media/annonces/pics/49b104d2e08c2f1fb40fb82841340a6a.jpeg
Iphone SE,80.000 ,Yoff,media/annonces/pics/ef98028126e34ee56d069a075470a0bd.jpeg
Iphone 7 128gb Noir,135.000 ,Dakar,media/annonces/pics/3fc6b3788e7747497ef56e2c240d79b6.jpeg
iPhone X de 64giga venant,295.000 ,Dakar,media/annonces/pics/3e98b9cf2198ffb90ecc025d090da7ab.jpg
iphone 7plus 128gb,200.000 ,Parcelles assainies,media/annonces/pics/bedf2febfd8817276edc3147f999da6d.jpeg
iPhone 6 64giga,70.000 ,Maristes,media/annonces/pics/7b1500b34feb4b2f02638f04843320d3.jpg
ALCATEL U3,19.900 ,Ouest Foire,media/annonces/pics/719476d1091d4c375c8d7a0736e68ea8.jpeg
iPhones 6s 16gb/32Gb/64gb/128Gb,90.000 ,Médina,media/annonces/pics/f71a0f9cbb5338a105bcb928b44d2326.jpg
iPhone x 64go et 256go,290.000 ,Dakar,media/annonces/pics/17a2a05bd35cecc3ba68a43d75e8e8c1.jpeg
iPhone 11,400.000 ,Médina,media/annonces/pics/f3469a597082b2edeef6a16d95becbc0.jpg
Smart WATCH,15.000 ,Dakar,media/annonces/pics/3afdbeee33836115361b200ed325c432.jpg
INVENS Max 3,39.500 ,Plateau,media/annonces/pics/ed11b08ef9e2fced01b9c0f9707d4df3.jpg
iPhone 7 128go,135.000 ,Dakar,media/annonces/pics/977e9a4a6119d9ec7e9c18bc6f2eb396.jpg
Samsung Galaxy A,100 ,Point E,media/annonces/pics/f76090d2c288801a964d600c3a827d8e.jpg
Unlocked Apple iPhone 11 Pro,400 ,Tambacounda,media/annonces/pics/3bbea26a5efbbbd055b8fc6c2b3a2aa6.jpg
TECNO A VENDRE,100 ,Point E,media/annonces/pics/37f8b7c5dd2e07df5dc54a9b07292633.png
Huawei p30 pro,370.000 ,Parcelles assainies,media/annonces/pics/6fda7ba70da961da5a7e0722a60c041c.jpeg
Huawei p30 pro,370.000 ,Parcelles assainies,media/annonces/pics/f6a42ac40f25c53511510d087843d2c4.jpeg
Vente de téléphone Samsung note 3,45.000 ,Fann,media/annonces/pics/6fcdee2757f5fea945d44226ee9d5bf1.jpg
iPhone 6s venant,90.000 ,Dakar,media/annonces/pics/761ee6f46ec9379d7d95f1915b0e4476.jpg
Iphone X 64gb Noir,280.000 ,Parcelles assainies,media/annonces/pics/1b0e01e1abd3f5612181231e0a7e727a.jpeg
Iphone Xsmax 64gb turbosim écran fissuré,215.000 ,Parcelles assainies,media/annonces/pics/81350e96b04a331fbf2a1edf65d6d58a.jpeg
DES TECNOS TOUTES SERIES,1 ,Point E,media/annonces/pics/fa6d01fc4ab3679f5d8ae5ac65684aa8.jpg
Samsung a 51,150.000 ,Dakar,media/annonces/pics/fe9957e004e3a924fc9843b1b1e1e03c.jpg
Samsung a 51,150.000 ,Dakar,media/annonces/pics/9891ef9e8a9e659e9c06bb729b096478.jpg
TECNO Camon 12 Pro,116.000 ,Plateau,media/annonces/pics/bb9d423dec0cef2abd093b5c4bb8bb74.jpg
Nokia Android,70.000 ,Médina,media/annonces/pics/2615e13fd563ddf707a3d1ca3107ed56.png
TECNO POP 3,48.500 ,Plateau,media/annonces/pics/312deee8513bd0245c22940eae9e02b6.jpg
Iphone 6s pink and grey,95.000 ,Plateau,media/annonces/pics/ecdf70645f04ed431dbab690cd795f3f.png
Iphone6s,100.000 ,Médina,media/annonces/pics/e72bae641e90415dcd89931159fb51c4.jpg
Iphone 6s,115.000 ,Médina,media/annonces/pics/f6a261e1b25e29e11460dfc749530899.jpg
Tecno spark youth 16go,45.000 ,Mbao,media/annonces/pics/2fb70f898981c3d977a466b733c299f1.jpg
iPhone 5c occasion 5go,30.000 ,Mbao,media/annonces/pics/13de308e126fb82153d8cea0312984a4.jpg
Samsung S10 quasi neuf,330.000 ,Plateau,media/annonces/pics/f7963f4df72869a27a3dbe98c82d86f1.jpg
Infinix Note 4 pro x571,67.000 ,Patte d'Oie,media/annonces/pics/740ba7bc30d7bb02c0a8646caffde640.jpg
INVENS Max 8,45.000 ,Dakar,media/annonces/pics/d81361991241b80b37082025162c1aa2.jpeg
INVENS Max 3,42.000 ,Dakar,media/annonces/pics/0859b0ce731ef2b67b7c60bef5b7788b.jpg
Téléphones Tecno,1 ,Point E,media/annonces/pics/ea1f529fa263e31c8456eecb1a294ad9.jpg
Chargeur Iphone,10.000 ,Point E,media/annonces/pics/d806029f2525d619e84f41c2ae0104f1.jpg
Samsung Galaxy A,100.000 ,Point E,media/annonces/pics/ebf3f7890f01a35c6b7eb186a631ac82.jpg
INVENS Max 9,46.000 ,Plateau,media/annonces/pics/49ca28a937386c49fe76fef73c2280a7.jpg
Iphone 8 plus,180.000 ,Biagui,media/annonces/pics/48607719e0173c9043c24267493fda75.jpeg
INVENS Max 9,46.000 ,Plateau,media/annonces/pics/4921924a7d8ffc88e00106033f1c1f34.jpg
iPhone 6s Plus 64g,130.000 ,Guédiawaye,media/annonces/pics/3a0d4bd8f02bdedcb20d17f3ad4c8b8c.jpeg
INVENS Max 8,45.000 ,Plateau,media/annonces/pics/129c99d2ab5b1c8416c95989afc796f1.jpg
iPhone 6s 16GO Etat presque neuf,100.000 ,Patte d'Oie,media/annonces/pics/5d61bffb82bc19ac3e90abf4727e8b35.jpeg
iphone 7  128 giga,230.000 ,Dieuppeul,media/annonces/pics/e63ff67fe174bfe900a95c877db9ef89.jpg
iphone x,315.000 ,Dieuppeul,media/annonces/pics/f5b815d40adcabe775cea495bd0ef481.jpg
iphone 6s,115.000 ,Dieuppeul,media/annonces/pics/0b0a93bc24b24db85f2bb26f75bc6a34.jpg
INVENS Max 8,45.000 ,Plateau,media/annonces/pics/ecca1b97c53e1ed903dff3037a00bf2d.jpg
Téléphones Tecno,70.000 ,Point E,media/annonces/pics/f9a5fab38ff571b4946274f4eb441ed3.jpg
iPhone,180.000 ,Dakar,media/annonces/pics/4f2780678e915ca9918cc229560e7b7a.jpeg
